timestamp,nativeTime,vxPanelPtPerSec,panelX,panelY,nativeXAtLastLog,nativeYAtLastLog,nativeFacing,rendererFacingFromPixels,rendererScaleXFromContract,direction,animation,frameFile,nearFacingTransition150ms
1790640536.3322358,1.470235824584961,0,763,1025,810.532377412,200.0,1,1,1,STILL,PIP MOVE frame 1 base,frame-00000.png,True
1790640536.7053208,1.8433208465576172,9.184580482976692,768,1025,810.532377412,200.0,1,1,1,RIGHT,PIP MOVE frame 1 base,frame-00001.png,False
1790640537.0875182,2.225518226623535,18.48769780050249,774,1025,810.532377412,200.0,1,1,1,RIGHT,PIP MOVE frame 1 base,frame-00002.png,False
1790640537.4650822,2.6030821800231934,18.954650421861796,779,1025,810.532377412,200.0,1,1,1,RIGHT,PIP MOVE frame 1 base,frame-00003.png,False
1790640537.849172,2.9871721267700195,9.36241110372014,784,1025,810.532377412,200.0,1,1,1,RIGHT,PIP MOVE frame 1 base,frame-00004.png,False
1790640538.233624,3.371623992919922,9.876852069891207,789,1025,810.532377412,200.0,1,1,1,RIGHT,PIP MOVE frame 1 base,frame-00005.png,False
1790640538.6153889,3.7533888816833496,20.540478067748303,795,1025,810.532377412,200.0,1,1,1,RIGHT,PIP MOVE frame 1 base,frame-00006.png,False
1790640539.001827,4.139827013015747,7.536541671682877,800,1025,810.532377412,200.0,1,1,1,RIGHT,PIP MOVE frame 1 base,frame-00007.png,False
1790640539.389502,4.527502059936523,19.329257923660958,807,1025,850.913695,200.0,1,1,1,RIGHT,PIP MOVE frame 1 base,frame-00008.png,False
1790640539.7746215,4.91262149810791,35.53501139511832,818,1025,850.913695,200.0,1,1,1,RIGHT,PIP MOVE frame 1 base,frame-00009.png,False
1790640540.1555007,5.293500661849976,20.179863937723123,826,1025,850.913695,200.0,1,1,1,RIGHT,PIP MOVE frame 1 base,frame-00010.png,False
1790640540.5353127,5.673312664031982,35.46725182545018,836,1025,850.913695,200.0,1,1,1,RIGHT,PIP MOVE frame 1 base,frame-00011.png,False
1790640540.9113345,6.049334526062012,19.615913273454726,844,1025,850.913695,200.0,1,1,1,RIGHT,PIP MOVE frame 1 base,frame-00012.png,False
1790640541.2985015,6.436501502990723,0.0,850,1025,898.0,200.0,1,1,1,STILL,PIP IDLE frame 1 base,frame-00013.png,False
1790640541.6782475,6.816247463226318,0.0,850,1025,898.0,200.0,1,1,1,STILL,PIP IDLE frame 1 base,frame-00014.png,False
1790640542.0586565,7.1966564655303955,0.0,850,1025,898.0,200.0,1,1,1,STILL,PIP IDLE frame 1 base,frame-00015.png,False
1790640542.438788,7.576787948608398,0.0,850,1025,898.0,200.0,1,1,1,STILL,PIP IDLE frame 1 base,frame-00016.png,False
1790640542.8208635,7.9588634967803955,-19.275648449420025,848,1025,897.489084,200.0,-1,-1,-1,LEFT,PIP MOVE frame 1 base,frame-00017.png,True
1790640543.2079396,8.345939636230469,-18.29959598956379,843,1025,897.489084,200.0,-1,-1,-1,LEFT,PIP MOVE frame 1 base,frame-00018.png,False
1790640543.597628,8.735628128051758,-18.218756922756157,837,1025,897.489084,200.0,-1,-1,-1,LEFT,PIP MOVE frame 1 base,frame-00019.png,False
1790640543.98841,9.126410007476807,-17.657067682625215,832,1025,897.489084,200.0,-1,-1,-1,LEFT,PIP MOVE frame 1 base,frame-00020.png,False
1790640544.3753934,9.51339340209961,-25.42474965044008,826,1025,897.489084,200.0,-1,-1,-1,LEFT,PIP MOVE frame 1 base,frame-00021.png,False
1790640544.756841,9.894840955734253,-9.65933172586436,821,1025,897.489084,200.0,-1,-1,-1,LEFT,PIP MOVE frame 1 base,frame-00022.png,False
1790640545.132499,10.270498991012573,-9.863682221495813,816,1025,897.489084,200.0,-1,-1,-1,LEFT,PIP MOVE frame 1 base,frame-00023.png,False
1790640545.518348,10.65634799003601,-9.962031118996554,811,1025,897.489084,200.0,-1,-1,-1,LEFT,PIP MOVE frame 1 base,frame-00024.png,True
1790640545.907792,11.04579210281372,8.859209192294694,814,1025,858.4891985,200.0,1,1,1,RIGHT,PIP MOVE frame 1 base,frame-00025.png,False
1790640546.2950194,11.433019399642944,8.376964020012183,820,1025,858.4891985,200.0,1,1,1,RIGHT,PIP MOVE frame 1 base,frame-00026.png,False
1790640546.6800845,11.818084478378296,19.902884380405098,826,1025,858.4891985,200.0,1,1,1,RIGHT,PIP MOVE frame 1 base,frame-00027.png,False
1790640547.0644355,12.202435493469238,16.401362379706644,831,1025,858.4891985,200.0,1,1,1,RIGHT,PIP MOVE frame 1 base,frame-00028.png,False
1790640547.440843,12.578843116760254,13.843409839528421,836,1025,858.4891985,200.0,1,1,1,RIGHT,PIP MOVE frame 1 base,frame-00029.png,False
1790640547.823307,12.961307048797607,8.555055153057895,841,1025,858.4891985,200.0,1,1,1,RIGHT,PIP MOVE frame 1 base,frame-00030.png,False
1790640548.2088294,13.346829414367676,9.006972704021921,846,1025,858.4891985,200.0,1,1,1,RIGHT,PIP MOVE frame 1 base,frame-00031.png,False
1790640548.5907526,13.728752613067627,0.0,850,1025,898.0,200.0,1,1,1,STILL,PIP IDLE frame 1 base,frame-00032.png,False
1790640548.9803724,14.118372440338135,0.0,850,1025,898.0,200.0,1,1,1,STILL,PIP IDLE frame 1 base,frame-00033.png,False
1790640549.3677475,14.505747556686401,0.0,850,1025,898.0,200.0,1,1,1,STILL,PIP IDLE frame 1 base,frame-00034.png,False
1790640549.755193,14.893193006515503,0.0,850,1025,898.0,200.0,1,1,1,STILL,PIP IDLE frame 1 base,frame-00035.png,False
1790640550.1430705,15.281070470809937,0.0,850,1025,898.0,200.0,1,1,1,STILL,PIP IDLE frame 1 base,frame-00036.png,False
1790640550.5321405,15.670140504837036,0.0,850,1025,898.0,200.0,1,1,1,STILL,PIP IDLE frame 1 base,frame-00037.png,False
1790640550.9173474,16.055347442626953,0.0,850,1025,898.0,200.0,1,1,1,STILL,PIP IDLE frame 1 base,frame-00038.png,False
1790640551.2989655,16.436965465545654,0.0,850,1025,898.0,200.0,1,1,1,STILL,PIP IDLE frame 1 base,frame-00039.png,False
1790640551.6833904,16.821390390396118,0.0,850,1025,898.0,200.0,1,1,1,STILL,PIP IDLE frame 1 base,frame-00040.png,False
1790640552.062925,17.20092511177063,0.0,850,1025,898.0,200.0,1,1,1,STILL,PIP IDLE frame 1 base,frame-00041.png,False
1790640552.4522438,17.590243816375732,0.0,850,1025,898.0,200.0,1,1,1,STILL,PIP IDLE frame 1 base,frame-00042.png,False
1790640552.8420343,17.980034351348877,0.0,850,1025,898.0,200.0,1,1,1,STILL,PIP IDLE frame 1 base,frame-00043.png,False
1790640553.228446,18.366446018218994,34.30025678350043,859,1025,898.859531008,200.0,1,1,1,RIGHT,PIP MOVE frame 1 base,frame-00044.png,False
1790640553.6108918,18.748891830444336,19.48953570499238,868,1025,898.859531008,200.0,1,1,1,RIGHT,PIP MOVE frame 1 base,frame-00045.png,False
1790640554.028201,19.16620111465454,18.531561902153022,878,1025,898.859531008,200.0,1,1,1,RIGHT,PIP MOVE frame 1 base,frame-00046.png,False
1790640554.4400795,19.57807946205139,24.223808533739923,888,1025,898.859531008,200.0,1,1,1,RIGHT,PIP MOVE frame 1 base,frame-00047.png,False
1790640554.8136597,19.951659679412842,19.68385163562641,897,1025,898.859531008,200.0,1,1,1,RIGHT,PIP MOVE frame 1 base,frame-00048.png,False
1790640555.1943927,20.332392692565918,0.0,898,1025,946.0,200.0,1,1,1,STILL,PIP IDLE frame 1 base,frame-00049.png,False
1790640555.5779126,20.715912580490112,0.0,898,1025,946.0,200.0,1,1,1,STILL,PIP IDLE frame 1 base,frame-00050.png,False
1790640555.9589705,21.096970558166504,0.0,898,1025,946.0,200.0,1,1,1,STILL,PIP IDLE frame 1 base,frame-00051.png,False
1790640556.33461,21.472609996795654,0.0,898,1025,946.0,200.0,1,1,1,STILL,PIP IDLE frame 1 base,frame-00052.png,False
1790640556.7154284,21.85342836380005,0.0,898,1025,946.0,200.0,1,1,1,STILL,PIP IDLE frame 1 base,frame-00053.png,False
1790640557.0985606,22.236560583114624,0.0,898,1025,946.0,200.0,1,1,1,STILL,PIP IDLE frame 1 base,frame-00054.png,False
1790640557.484014,22.622014045715332,0.0,898,1025,946.0,200.0,1,1,1,STILL,PIP IDLE frame 1 base,frame-00055.png,False
1790640557.862637,23.00063705444336,0.0,898,1025,946.0,200.0,1,1,1,STILL,PIP IDLE frame 1 base,frame-00056.png,False
1790640558.2378054,23.375805377960205,0.0,898,1025,946.0,200.0,1,1,1,STILL,PIP IDLE frame 1 base,frame-00057.png,False
1790640558.6160297,23.754029750823975,0.0,898,1025,946.0,200.0,1,1,1,STILL,PIP IDLE frame 1 base,frame-00058.png,False
1790640558.9964404,24.134440422058105,0.0,898,1025,946.0,200.0,1,1,1,STILL,PIP IDLE frame 1 base,frame-00059.png,False
1790640559.377539,24.515538930892944,0.0,898,1025,946.0,200.0,1,1,1,STILL,PIP IDLE frame 1 base,frame-00060.png,False
1790640559.760058,24.89805793762207,0.0,898,1025,946.0,200.0,1,1,1,STILL,PIP IDLE frame 1 base,frame-00061.png,False
1790640560.148061,25.28606104850769,24.29818443036068,906,1025,946.913188,200.0,1,1,1,RIGHT,PIP MOVE frame 1 base,frame-00062.png,False
1790640560.5241551,25.662155151367188,9.039876890714647,914,1025,946.913188,200.0,1,1,1,RIGHT,PIP MOVE frame 1 base,frame-00063.png,False
1790640560.9053981,26.043398141860962,19.923305109905115,924,1025,946.913188,200.0,1,1,1,RIGHT,PIP MOVE frame 1 base,frame-00064.png,False
1790640561.2905793,26.428579330444336,17.255823521183547,933,1025,946.913188,200.0,1,1,1,RIGHT,PIP MOVE frame 1 base,frame-00065.png,False
1790640561.6731315,26.811131477355957,27.99138652097311,942,1025,946.913188,200.0,1,1,1,RIGHT,PIP MOVE frame 1 base,frame-00066.png,False
1790640562.0526175,27.190617561340332,0.0,946,1025,994.0,200.0,1,1,1,STILL,PIP IDLE frame 1 base,frame-00067.png,False
1790640562.4362783,27.574278354644775,0.0,946,1025,994.0,200.0,1,1,1,STILL,PIP IDLE frame 1 base,frame-00068.png,False
1790640562.815721,27.953721046447754,0.0,946,1025,994.0,200.0,1,1,1,STILL,PIP IDLE frame 1 base,frame-00069.png,False
1790640563.197043,28.33504295349121,0.0,946,1025,994.0,200.0,1,1,1,STILL,PIP IDLE frame 1 base,frame-00070.png,False
1790640563.579395,28.717395067214966,8.993781574591084,948,1025,994.532839412,200.0,1,1,1,RIGHT,PIP MOVE frame 1 base,frame-00071.png,False
1790640563.9607475,29.098747491836548,10.547303516015953,953,1025,994.532839412,200.0,1,1,1,RIGHT,PIP MOVE frame 1 base,frame-00072.png,False
1790640564.3496904,29.487690448760986,19.86884857614537,959,1025,994.532839412,200.0,1,1,1,RIGHT,PIP MOVE frame 1 base,frame-00073.png,False
1790640564.7553585,29.8933584690094,15.582997410452558,964,1025,994.532839412,200.0,1,1,1,RIGHT,PIP MOVE frame 1 base,frame-00074.png,False
1790640565.1614635,30.299463510513306,17.64150879908476,971,1025,1014.8979020460001,200.0,1,1,1,RIGHT,PIP MOVE frame 1 base,frame-00075.png,False
1790640565.542482,30.680481910705566,17.225350724447217,976,1025,1014.8979020460001,200.0,1,1,1,RIGHT,PIP MOVE frame 1 base,frame-00076.png,False
1790640565.9235024,31.06150245666504,17.713554490360455,981,1025,1014.8979020460001,200.0,1,1,1,RIGHT,PIP MOVE frame 1 base,frame-00077.png,False
1790640566.3090816,31.447081565856934,9.003666463451284,986,1025,1034.0,200.0,1,1,1,RIGHT,PIP IDLE frame 1 base,frame-00078.png,False
1790640566.6933045,31.8313045501709,9.058854528882994,991,1025,1034.507518662,200.0,1,1,1,RIGHT,PIP MOVE frame 1 base,frame-00079.png,False
1790640567.077829,32.21582889556885,18.023389174288667,997,1025,1034.507518662,200.0,1,1,1,RIGHT,PIP MOVE frame 1 base,frame-00080.png,False
1790640567.467565,32.60556507110596,17.15061928303013,1002,1025,1034.507518662,200.0,1,1,1,RIGHT,PIP MOVE frame 1 base,frame-00081.png,False
1790640567.852034,32.990034103393555,15.693545309302074,1008,1025,1034.507518662,200.0,1,1,1,RIGHT,PIP MOVE frame 1 base,frame-00082.png,False
1790640568.2343364,33.37233638763428,9.592154853818288,1013,1025,1061.0438606059997,200.0,1,1,1,RIGHT,PIP MOVE frame 1 base,frame-00083.png,False
1790640568.614902,33.752902030944824,9.94419892646473,1018,1025,1061.5454794439997,200.0,1,1,1,RIGHT,PIP MOVE frame 1 base,frame-00084.png,False
1790640568.996779,34.13477897644043,18.263181499527562,1024,1025,1061.5454794439997,200.0,1,1,1,RIGHT,PIP MOVE frame 1 base,frame-00085.png,False
1790640569.385958,34.52395796775818,9.500466608076398,1028,1025,1074.4756465,200.0,1,1,1,RIGHT,PIP MOVE frame 1 base,frame-00086.png,False
1790640569.7675104,34.90551042556763,17.416614761109866,1034,1025,1074.4756465,200.0,1,1,1,RIGHT,PIP MOVE frame 1 base,frame-00087.png,False
1790640570.1507106,35.288710594177246,9.229244506643077,1039,1025,1074.4756465,200.0,1,1,1,RIGHT,PIP MOVE frame 1 base,frame-00088.png,False
1790640570.5338278,35.67182779312134,16.205486438451434,1045,1025,1074.4756465,200.0,1,1,1,RIGHT,PIP MOVE frame 1 base,frame-00089.png,False
1790640570.9201086,36.05810856819153,9.738161352935167,1050,1025,1074.4756465,200.0,1,1,1,RIGHT,PIP MOVE frame 1 base,frame-00090.png,False
1790640571.30638,36.444380044937134,8.295515722561415,1055,1025,1074.4756465,200.0,1,1,1,RIGHT,PIP MOVE frame 1 base,frame-00091.png,False
1790640571.6826625,36.82066249847412,9.570289985693522,1061,1025,1074.4756465,200.0,1,1,1,RIGHT,PIP MOVE frame 1 base,frame-00092.png,False
1790640572.0609064,37.19890642166138,8.13781676299793,1066,1025,1114.0,200.0,1,1,1,RIGHT,PIP MOVE frame 1 base,frame-00093.png,False
1790640572.4444075,37.58240747451782,27.315677046247895,1076,1025,1114.91365,200.0,1,1,1,RIGHT,PIP MOVE frame 1 base,frame-00094.png,False
1790640572.8574443,37.99544429779053,14.87753350217436,1084,1025,1114.91365,200.0,1,1,1,RIGHT,PIP MOVE frame 1 base,frame-00095.png,False
1790640573.2925735,38.43057346343994,32.30077434607995,1096,1025,1114.91365,200.0,1,1,1,RIGHT,PIP MOVE frame 1 base,frame-00096.png,False
1790640573.706069,38.84406900405884,28.453063310374144,1105,1025,1114.91365,200.0,1,1,1,RIGHT,PIP MOVE frame 1 base,frame-00097.png,False
1790640574.1078556,39.24585556983948,21.64939875742628,1114,1025,1114.91365,200.0,1,1,1,RIGHT,PIP MOVE frame 1 base,frame-00098.png,False
1790640574.5196843,39.657684326171875,0.0,1114,1025,1162.0,200.0,1,1,1,STILL,PIP IDLE frame 1 base,frame-00099.png,False
1790640574.8951573,40.03315734863281,0.0,1114,1025,1162.0,200.0,1,1,1,STILL,PIP IDLE frame 1 base,frame-00100.png,False
1790640575.2774267,40.41542673110962,0.0,1114,1025,1162.0,200.0,1,1,1,STILL,PIP IDLE frame 1 base,frame-00101.png,False
1790640575.657546,40.79554605484009,25.759055037513946,1117,1025,1162.467051074,200.0,1,1,1,RIGHT,PIP MOVE frame 1 base,frame-00102.png,False
1790640576.0385437,41.17654371261597,8.836438714026883,1122,1025,1162.467051074,200.0,1,1,1,RIGHT,PIP MOVE frame 1 base,frame-00103.png,False
1790640576.4446063,41.58260631561279,15.405113362985599,1128,1025,1162.467051074,200.0,1,1,1,RIGHT,PIP MOVE frame 1 base,frame-00104.png,False
1790640576.8555384,41.99353837966919,18.09285612606278,1134,1025,1162.467051074,200.0,1,1,1,RIGHT,PIP MOVE frame 1 base,frame-00105.png,False
1790640577.2419863,42.37998628616333,10.242450586321922,1139,1025,1162.467051074,200.0,1,1,1,RIGHT,PIP MOVE frame 1 base,frame-00106.png,False
1790640577.6296654,42.76766538619995,8.268842091151758,1144,1025,1162.467051074,200.0,1,1,1,RIGHT,PIP MOVE frame 1 base,frame-00107.png,False
1790640578.0131495,43.15114951133728,17.122263861333593,1150,1025,1162.467051074,200.0,1,1,1,RIGHT,PIP MOVE frame 1 base,frame-00108.png,False
1790640578.398877,43.536876916885376,0.0,1154,1025,1202.0,200.0,1,1,1,STILL,PIP IDLE frame 1 base,frame-00109.png,True
1790640578.7819254,43.91992545127869,-18.821578178603563,1150,1025,1201.482244412,200.0,-1,-1,-1,LEFT,PIP MOVE frame 1 base,frame-00110.png,False
1790640579.1621232,44.30012321472168,-9.114703511101355,1145,1025,1201.482244412,200.0,-1,-1,-1,LEFT,PIP MOVE frame 1 base,frame-00111.png,False
1790640579.5444036,44.682403564453125,-17.137795211244587,1140,1025,1201.482244412,200.0,-1,-1,-1,LEFT,PIP MOVE frame 1 base,frame-00112.png,False
1790640579.9255595,45.06355953216553,-18.757480758652456,1134,1025,1201.482244412,200.0,-1,-1,-1,LEFT,PIP MOVE frame 1 base,frame-00113.png,False
1790640580.302637,45.44063711166382,-18.695609925695464,1129,1025,1201.482244412,200.0,-1,-1,-1,LEFT,PIP MOVE frame 1 base,frame-00114.png,False
1790640580.686253,45.82425308227539,-8.554688726944908,1125,1025,1201.482244412,200.0,-1,-1,-1,LEFT,PIP MOVE frame 1 base,frame-00115.png,False
1790640581.0654106,46.203410625457764,-18.375438104584326,1118,1025,1201.482244412,200.0,-1,-1,-1,LEFT,PIP MOVE frame 1 base,frame-00116.png,False
1790640581.4503164,46.588316440582275,0.0,1114,1025,1162.0,200.0,-1,-1,-1,STILL,PIP IDLE frame 1 base,frame-00117.png,False
1790640581.834375,46.97237491607666,0.0,1114,1025,1162.0,200.0,-1,-1,-1,STILL,PIP IDLE frame 1 base,frame-00118.png,False
1790640582.213085,47.35108494758606,22.32671434984501,1117,1025,1162.532699426,200.0,1,1,1,RIGHT,PIP MOVE frame 1 base,frame-00119.png,False
1790640582.598409,47.736408948898315,10.178941262980606,1122,1025,1162.532699426,200.0,1,1,1,RIGHT,PIP MOVE frame 1 base,frame-00120.png,False
1790640582.9841785,48.12217855453491,9.28563774911556,1127,1025,1162.532699426,200.0,1,1,1,RIGHT,PIP MOVE frame 1 base,frame-00121.png,False
1790640583.369731,48.50773096084595,8.20970217030472,1132,1025,1162.532699426,200.0,1,1,1,RIGHT,PIP MOVE frame 1 base,frame-00122.png,False
1790640583.752204,48.89020395278931,9.548285462571112,1138,1025,1162.532699426,200.0,1,1,1,RIGHT,PIP MOVE frame 1 base,frame-00123.png,False
1790640584.164516,49.30251598358154,15.472454829166082,1144,1025,1162.532699426,200.0,1,1,1,RIGHT,PIP MOVE frame 1 base,frame-00124.png,False
1790640584.5970294,49.735029458999634,19.114977782841517,1150,1025,1162.532699426,200.0,1,1,1,RIGHT,PIP MOVE frame 1 base,frame-00125.png,False
1790640585.0004544,50.13845443725586,0.0,1154,1025,1202.0,200.0,1,1,1,STILL,PIP IDLE frame 1 base,frame-00126.png,False
1790640585.3861103,50.524110317230225,0.0,1154,1025,1202.0,200.0,1,1,1,STILL,PIP IDLE frame 1 base,frame-00127.png,False
1790640585.7719069,50.90990686416626,0.0,1154,1025,1202.0,200.0,1,1,1,STILL,PIP IDLE frame 1 base,frame-00128.png,True
1790640586.1541996,51.29219961166382,-18.011663360043976,1150,1025,1201.46709875,200.0,-1,-1,-1,LEFT,PIP MOVE frame 1 base,frame-00129.png,False
