timestamp,velocityXFromPanelPtPerSec,movementDirection,animationState,frame,nativeFacing,rendererScaleX,expectedFacing,panelX,panelY,sampleDt
1790595329.011763,0,STILL,IDLE,4,-1,-1,,268,1025,0
1790595329.0365782,0.0,STILL,IDLE,4,-1,-1,,268,1025,0.024815082550048828
1790595329.062634,0.0,STILL,IDLE,4,-1,-1,,268,1025,0.02605581283569336
1790595329.0885792,0.0,STILL,IDLE,4,-1,-1,,268,1025,0.025945186614990234
1790595329.114795,0.0,STILL,IDLE,4,-1,-1,,268,1025,0.026215791702270508
1790595329.136112,0.0,STILL,IDLE,4,-1,-1,,268,1025,0.021317005157470703
1790595329.187313,0.0,STILL,IDLE,4,-1,-1,,268,1025,0.05120110511779785
1790595329.208177,0.0,STILL,IDLE,4,-1,-1,,268,1025,0.020864009857177734
1790595329.23358,0.0,STILL,IDLE,4,-1,-1,,268,1025,0.02540302276611328
1790595329.255718,0.0,STILL,IDLE,4,-1,-1,,268,1025,0.022137880325317383
1790595329.282251,0.0,STILL,IDLE,4,-1,-1,,268,1025,0.026532888412475586
1790595329.308702,0.0,STILL,IDLE,4,-1,-1,,268,1025,0.02645111083984375
1790595329.33483,0.0,STILL,IDLE,4,-1,-1,,268,1025,0.026128053665161133
1790595329.361349,0.0,STILL,IDLE,4,-1,-1,,268,1025,0.026519060134887695
1790595329.383739,0.0,STILL,IDLE,4,-1,-1,,268,1025,0.022389888763427734
1790595329.4053211,0.0,STILL,IDLE,4,-1,-1,,268,1025,0.02158212661743164
1790595329.429463,0.0,STILL,IDLE,1,-1,-1,,268,1025,0.024141788482666016
1790595329.454319,0.0,STILL,IDLE,1,-1,-1,,268,1025,0.024856090545654297
1790595329.481858,0.0,STILL,IDLE,1,-1,-1,,268,1025,0.02753901481628418
1790595329.507144,0.0,STILL,IDLE,1,-1,-1,,268,1025,0.025285959243774414
1790595329.529397,0.0,STILL,IDLE,1,-1,-1,,268,1025,0.022253036499023438
1790595329.555412,0.0,STILL,IDLE,1,-1,-1,,268,1025,0.026015043258666992
1790595329.580096,0.0,STILL,IDLE,1,-1,-1,,268,1025,0.02468395233154297
1790595329.606864,0.0,STILL,IDLE,1,-1,-1,,268,1025,0.026767969131469727
1790595329.633481,0.0,STILL,IDLE,1,-1,-1,,268,1025,0.026617050170898438
1790595329.660279,0.0,STILL,IDLE,1,-1,-1,,268,1025,0.026798009872436523
1790595329.687279,0.0,STILL,IDLE,1,-1,-1,,268,1025,0.026999950408935547
1790595329.713325,0.0,STILL,IDLE,1,-1,-1,,268,1025,0.026046037673950195
1790595329.739843,0.0,STILL,IDLE,1,-1,-1,,268,1025,0.026517868041992188
1790595329.76494,0.0,STILL,IDLE,1,-1,-1,,268,1025,0.025097131729125977
1790595329.7915978,0.0,STILL,IDLE,1,-1,-1,,268,1025,0.026657819747924805
1790595329.81564,0.0,STILL,IDLE,1,-1,-1,,268,1025,0.024042129516601562
1790595329.842963,0.0,STILL,IDLE,1,-1,-1,,268,1025,0.027323007583618164
1790595329.8700318,0.0,STILL,IDLE,2,-1,-1,,268,1025,0.0270688533782959
1790595329.894705,0.0,STILL,IDLE,2,-1,-1,,268,1025,0.0246732234954834
1790595329.922086,0.0,STILL,IDLE,2,-1,-1,,268,1025,0.027380943298339844
1790595329.947421,0.0,STILL,IDLE,2,-1,-1,,268,1025,0.025335073471069336
1790595329.969836,0.0,STILL,IDLE,2,-1,-1,,268,1025,0.0224149227142334
1790595329.991949,0.0,STILL,IDLE,2,-1,-1,,268,1025,0.02211308479309082
1790595330.019001,0.0,STILL,IDLE,2,-1,-1,,268,1025,0.027051925659179688
1790595330.0447068,0.0,STILL,IDLE,2,-1,-1,,268,1025,0.025705814361572266
1790595330.070898,0.0,STILL,IDLE,2,-1,-1,,268,1025,0.026191234588623047
1790595330.096946,0.0,STILL,IDLE,2,-1,-1,,268,1025,0.026047945022583008
1790595330.119643,0.0,STILL,IDLE,2,-1,-1,,268,1025,0.022696971893310547
1790595330.141587,0.0,STILL,IDLE,2,-1,-1,,268,1025,0.021944046020507812
1790595330.166112,0.0,STILL,IDLE,2,-1,-1,,268,1025,0.024524927139282227
1790595330.1924171,0.0,STILL,IDLE,2,-1,-1,,268,1025,0.026305198669433594
1790595330.216054,0.0,STILL,IDLE,2,-1,-1,,268,1025,0.023636817932128906
1790595330.242988,0.0,STILL,MOVE,1,-1,-1,,268,1025,0.026934146881103516
1790595330.267679,-40.50080628808142,LEFT,MOVE,1,-1,-1,-1,267,1025,0.024690866470336914
1790595330.293814,-38.26291302523308,LEFT,MOVE,1,-1,-1,-1,266,1025,0.026134967803955078
1790595330.3215442,0.0,STILL,MOVE,1,-1,-1,,266,1025,0.027730226516723633
1790595330.35081,-34.169482688391035,LEFT,MOVE,1,-1,-1,-1,265,1025,0.029265880584716797
1790595330.381009,-33.113623444704096,LEFT,MOVE,1,-1,-1,-1,264,1025,0.030199050903320312
1790595330.405987,0.0,STILL,MOVE,2,-1,-1,,264,1025,0.024977922439575195
1790595330.433864,-35.87174684626898,LEFT,MOVE,2,-1,-1,-1,263,1025,0.027877092361450195
1790595330.4578838,0.0,STILL,MOVE,2,-1,-1,,263,1025,0.024019718170166016
1790595330.483943,-38.37423604757548,LEFT,MOVE,2,-1,-1,-1,262,1025,0.02605915069580078
1790595330.511561,-36.208359950966006,LEFT,MOVE,3,-1,-1,-1,261,1025,0.027617931365966797
1790595330.536124,0.0,STILL,MOVE,3,-1,-1,,261,1025,0.024563074111938477
1790595330.562618,-37.74435765451208,LEFT,MOVE,3,-1,-1,-1,260,1025,0.02649402618408203
1790595330.589855,-36.71484593837535,LEFT,MOVE,3,-1,-1,-1,259,1025,0.0272369384765625
1790595330.616842,-37.054774188988624,LEFT,MOVE,3,-1,-1,-1,258,1025,0.026987075805664062
1790595330.644205,0.0,STILL,MOVE,3,-1,-1,,258,1025,0.027363061904907227
1790595330.667299,-43.30140507727409,LEFT,MOVE,4,-1,-1,-1,257,1025,0.02309393882751465
1790595330.691927,0.0,STILL,MOVE,4,-1,-1,,257,1025,0.0246279239654541
1790595330.7292252,0.0,STILL,MOVE,4,-1,-1,,257,1025,0.03729820251464844
1790595330.7532902,-41.55409368312594,LEFT,MOVE,4,-1,-1,-1,256,1025,0.024065017700195312
1790595330.775319,-45.39486557859647,LEFT,MOVE,4,-1,-1,-1,255,1025,0.02202892303466797
1790595330.8020968,-37.344445038018414,LEFT,MOVE,5,-1,-1,-1,254,1025,0.02677774429321289
1790595330.8255439,0.0,STILL,MOVE,5,-1,-1,,254,1025,0.023447036743164062
1790595330.848126,-44.28295113813928,LEFT,MOVE,5,-1,-1,-1,253,1025,0.022582054138183594
1790595330.871756,0.0,STILL,MOVE,5,-1,-1,,253,1025,0.023630142211914062
1790595330.8935962,-45.78734553076285,LEFT,MOVE,5,-1,-1,-1,252,1025,0.02184009552001953
1790595330.919709,-38.2954028760557,LEFT,MOVE,6,-1,-1,-1,251,1025,0.026112794876098633
1790595330.942539,0.0,STILL,MOVE,6,-1,-1,,251,1025,0.02283000946044922
1790595330.970831,-35.34575485610753,LEFT,MOVE,6,-1,-1,-1,250,1025,0.028291940689086914
1790595330.9973888,0.0,STILL,MOVE,6,-1,-1,,250,1025,0.02655792236328125
1790595331.0198069,0.0,STILL,MOVE,6,-1,-1,,250,1025,0.02241802215576172
1790595331.049828,-66.61960958719166,LEFT,MOVE,6,-1,-1,-1,248,1025,0.030021190643310547
1790595331.07706,0.0,STILL,MOVE,7,-1,-1,,248,1025,0.027231931686401367
1790595331.104579,-36.338546043682804,LEFT,MOVE,7,-1,-1,-1,247,1025,0.02751898765563965
1790595331.126615,0.0,STILL,MOVE,7,-1,-1,,247,1025,0.022036075592041016
1790595331.152585,-38.50599489561721,LEFT,MOVE,7,-1,-1,-1,246,1025,0.025969982147216797
1790595331.174583,-45.458825569548914,LEFT,MOVE,7,-1,-1,-1,245,1025,0.021997928619384766
1790595331.2015219,0.0,STILL,MOVE,8,-1,-1,,245,1025,0.026938915252685547
1790595331.225951,-40.93481549437358,LEFT,MOVE,8,-1,-1,-1,244,1025,0.0244290828704834
1790595331.2530851,-36.8538867752111,LEFT,MOVE,8,-1,-1,-1,243,1025,0.027134180068969727
1790595331.280055,0.0,STILL,IDLE,1,-1,-1,,243,1025,0.02696990966796875
1790595331.311054,0.0,STILL,IDLE,1,-1,-1,,243,1025,0.030998945236206055
1790595331.338214,0.0,STILL,IDLE,1,-1,-1,,243,1025,0.027159929275512695
1790595331.361495,0.0,STILL,IDLE,1,-1,-1,,243,1025,0.023281097412109375
1790595331.3876061,0.0,STILL,IDLE,1,-1,-1,,243,1025,0.026111125946044922
1790595331.41428,0.0,STILL,IDLE,1,-1,-1,,243,1025,0.02667379379272461
1790595331.438915,0.0,STILL,IDLE,1,-1,-1,,243,1025,0.02463507652282715
1790595331.4656448,0.0,STILL,IDLE,1,-1,-1,,243,1025,0.026729822158813477
1790595331.491562,0.0,STILL,IDLE,1,-1,-1,,243,1025,0.02591705322265625
1790595331.513622,0.0,STILL,IDLE,1,-1,-1,,243,1025,0.022060155868530273
1790595331.535527,0.0,STILL,IDLE,1,-1,-1,,243,1025,0.021904945373535156
1790595331.558566,0.0,STILL,IDLE,1,-1,-1,,243,1025,0.02303910255432129
1790595331.585054,0.0,STILL,IDLE,1,-1,-1,,243,1025,0.02648782730102539
1790595331.6079931,0.0,STILL,IDLE,1,-1,-1,,243,1025,0.022939205169677734
1790595331.633646,0.0,STILL,IDLE,1,-1,-1,,243,1025,0.02565288543701172
1790595331.6597571,0.0,STILL,IDLE,1,-1,-1,,243,1025,0.026111125946044922
1790595331.6850991,0.0,STILL,IDLE,1,-1,-1,,243,1025,0.02534198760986328
1790595331.711793,0.0,STILL,IDLE,1,-1,-1,,243,1025,0.02669382095336914
1790595331.734607,0.0,STILL,IDLE,2,-1,-1,,243,1025,0.022814035415649414
1790595331.760394,0.0,STILL,IDLE,2,-1,-1,,243,1025,0.0257871150970459
1790595331.7879481,0.0,STILL,IDLE,2,-1,-1,,243,1025,0.027554035186767578
1790595331.81196,0.0,STILL,IDLE,2,-1,-1,,243,1025,0.024011850357055664
1790595331.838752,0.0,STILL,IDLE,2,-1,-1,,243,1025,0.026792049407958984
1790595331.864646,0.0,STILL,IDLE,2,-1,-1,,243,1025,0.0258939266204834
1790595331.891914,0.0,STILL,IDLE,2,-1,-1,,243,1025,0.027267932891845703
1790595331.918268,0.0,STILL,IDLE,2,-1,-1,,243,1025,0.026354074478149414
1790595331.9421492,0.0,STILL,IDLE,2,-1,-1,,243,1025,0.023881196975708008
1790595331.968226,0.0,STILL,IDLE,2,-1,-1,,243,1025,0.026076793670654297
1790595331.992049,0.0,STILL,IDLE,2,-1,-1,,243,1025,0.023823022842407227
1790595332.015055,0.0,STILL,IDLE,2,-1,-1,,243,1025,0.023005962371826172
1790595332.041786,0.0,STILL,IDLE,2,-1,-1,,243,1025,0.026731014251708984
1790595332.0682201,0.0,STILL,IDLE,2,-1,-1,,243,1025,0.02643418312072754
1790595332.09193,0.0,STILL,IDLE,2,-1,-1,,243,1025,0.023709774017333984
1790595332.118067,0.0,STILL,IDLE,2,-1,-1,,243,1025,0.026137113571166992
1790595332.144778,0.0,STILL,IDLE,2,-1,-1,,243,1025,0.026710987091064453
1790595332.166902,0.0,STILL,IDLE,2,-1,-1,,243,1025,0.022124052047729492
1790595332.193577,0.0,STILL,IDLE,3,-1,-1,,243,1025,0.026674985885620117
1790595332.2169561,0.0,STILL,IDLE,3,-1,-1,,243,1025,0.023379087448120117
1790595332.243557,0.0,STILL,IDLE,3,-1,-1,,243,1025,0.02660083770751953
1790595332.266945,0.0,STILL,IDLE,3,-1,-1,,243,1025,0.023387908935546875
1790595332.293065,0.0,STILL,IDLE,3,-1,-1,,243,1025,0.02612018585205078
1790595332.3173761,0.0,STILL,IDLE,3,-1,-1,,243,1025,0.024311065673828125
1790595332.3422198,0.0,STILL,IDLE,3,-1,-1,,243,1025,0.024843692779541016
1790595332.36789,0.0,STILL,IDLE,3,-1,-1,,243,1025,0.02567005157470703
1790595332.391901,0.0,STILL,IDLE,3,-1,-1,,243,1025,0.02401113510131836
1790595332.415362,0.0,STILL,IDLE,3,-1,-1,,243,1025,0.023460865020751953
1790595332.44191,0.0,STILL,IDLE,3,-1,-1,,243,1025,0.026548147201538086
1790595332.463804,0.0,STILL,IDLE,3,-1,-1,,243,1025,0.021893978118896484
1790595332.490426,0.0,STILL,IDLE,3,-1,-1,,243,1025,0.02662205696105957
1790595332.516082,0.0,STILL,IDLE,3,-1,-1,,243,1025,0.02565598487854004
1790595332.542839,0.0,STILL,IDLE,3,-1,-1,,243,1025,0.026757001876831055
1790595332.565115,0.0,STILL,IDLE,3,-1,-1,,243,1025,0.022275924682617188
1790595332.5913758,0.0,STILL,IDLE,3,-1,-1,,243,1025,0.026260852813720703
1790595332.61838,0.0,STILL,IDLE,3,-1,-1,,243,1025,0.027004241943359375
1790595332.642206,0.0,STILL,IDLE,4,-1,-1,,243,1025,0.023825883865356445
1790595332.666374,0.0,STILL,IDLE,4,-1,-1,,243,1025,0.024168014526367188
1790595332.6904268,0.0,STILL,IDLE,4,-1,-1,,243,1025,0.024052858352661133
1790595332.715692,0.0,STILL,IDLE,4,-1,-1,,243,1025,0.025265216827392578
1790595332.742436,0.0,STILL,IDLE,4,-1,-1,,243,1025,0.02674388885498047
1790595332.7669291,0.0,STILL,IDLE,4,-1,-1,,243,1025,0.02449321746826172
1790595332.794316,0.0,STILL,IDLE,4,-1,-1,,243,1025,0.027386903762817383
1790595332.818032,0.0,STILL,IDLE,4,-1,-1,,243,1025,0.023715972900390625
1790595332.841543,0.0,STILL,IDLE,4,-1,-1,,243,1025,0.02351093292236328
1790595332.866757,0.0,STILL,IDLE,4,-1,-1,,243,1025,0.025213956832885742
1790595332.893094,0.0,STILL,IDLE,4,-1,-1,,243,1025,0.026337146759033203
1790595332.9187431,0.0,STILL,IDLE,4,-1,-1,,243,1025,0.025649070739746094
1790595332.942573,0.0,STILL,IDLE,4,-1,-1,,243,1025,0.023829936981201172
1790595332.968388,0.0,STILL,IDLE,4,-1,-1,,243,1025,0.02581501007080078
1790595332.996018,0.0,STILL,IDLE,4,-1,-1,,243,1025,0.027629852294921875
1790595333.0236058,0.0,STILL,IDLE,4,-1,-1,,243,1025,0.027587890625
1790595333.049327,0.0,STILL,IDLE,4,-1,-1,,243,1025,0.025721073150634766
1790595333.077749,0.0,STILL,IDLE,1,-1,-1,,243,1025,0.028422117233276367
1790595333.102481,0.0,STILL,IDLE,1,-1,-1,,243,1025,0.024731874465942383
1790595333.129416,0.0,STILL,IDLE,1,-1,-1,,243,1025,0.026935100555419922
1790595333.15411,0.0,STILL,IDLE,1,-1,-1,,243,1025,0.024693965911865234
1790595333.180897,0.0,STILL,IDLE,1,-1,-1,,243,1025,0.02678704261779785
1790595333.20419,0.0,STILL,IDLE,1,-1,-1,,243,1025,0.023293018341064453
1790595333.231131,0.0,STILL,IDLE,1,-1,-1,,243,1025,0.02694106101989746
1790595333.2581081,0.0,STILL,IDLE,1,-1,-1,,243,1025,0.026977062225341797
1790595333.283648,0.0,STILL,IDLE,1,-1,-1,,243,1025,0.025539875030517578
1790595333.308574,0.0,STILL,IDLE,1,-1,-1,,243,1025,0.024925947189331055
1790595333.333137,0.0,STILL,IDLE,1,-1,-1,,243,1025,0.024563074111938477
1790595333.359082,0.0,STILL,IDLE,1,-1,-1,,243,1025,0.025944948196411133
1790595333.384484,0.0,STILL,IDLE,1,-1,-1,,243,1025,0.025402069091796875
1790595333.4112039,0.0,STILL,IDLE,1,-1,-1,,243,1025,0.02671980857849121
1790595333.433815,0.0,STILL,IDLE,1,-1,-1,,243,1025,0.022611141204833984
1790595333.460987,0.0,STILL,IDLE,1,-1,-1,,243,1025,0.027172088623046875
1790595333.4878778,0.0,STILL,IDLE,1,-1,-1,,243,1025,0.02689075469970703
1790595333.5140839,0.0,STILL,IDLE,1,-1,-1,,243,1025,0.026206016540527344
1790595333.536927,0.0,STILL,IDLE,2,-1,-1,,243,1025,0.022843122482299805
1790595333.564725,0.0,STILL,IDLE,2,-1,-1,,243,1025,0.027797937393188477
1790595333.593001,0.0,STILL,IDLE,2,-1,-1,,243,1025,0.02827596664428711
1790595333.617363,0.0,STILL,IDLE,2,-1,-1,,243,1025,0.02436208724975586
1790595333.645269,0.0,STILL,IDLE,2,-1,-1,,243,1025,0.027905941009521484
1790595333.674434,0.0,STILL,IDLE,2,-1,-1,,243,1025,0.029165029525756836
1790595333.7020931,0.0,STILL,IDLE,2,-1,-1,,243,1025,0.027659177780151367
1790595333.72561,0.0,STILL,IDLE,2,-1,-1,,243,1025,0.02351689338684082
1790595333.7516341,0.0,STILL,IDLE,2,-1,-1,,243,1025,0.02602410316467285
1790595333.777104,0.0,STILL,IDLE,2,-1,-1,,243,1025,0.02546977996826172
1790595333.804729,0.0,STILL,IDLE,2,-1,-1,,243,1025,0.027625083923339844
1790595333.831627,0.0,STILL,IDLE,2,-1,-1,,243,1025,0.026897907257080078
1790595333.859546,0.0,STILL,IDLE,2,-1,-1,,243,1025,0.02791905403137207
1790595333.883995,0.0,STILL,IDLE,2,-1,-1,,243,1025,0.02444911003112793
1790595333.9114552,0.0,STILL,IDLE,2,-1,-1,,243,1025,0.027460098266601562
1790595333.9363642,0.0,STILL,IDLE,2,-1,-1,,243,1025,0.024909019470214844
1790595333.958802,0.0,STILL,IDLE,2,-1,-1,,243,1025,0.02243781089782715
1790595333.982517,0.0,STILL,IDLE,3,-1,-1,,243,1025,0.02371501922607422
1790595334.0082688,0.0,STILL,IDLE,3,-1,-1,,243,1025,0.025751829147338867
1790595334.032253,0.0,STILL,IDLE,3,-1,-1,,243,1025,0.023984193801879883
1790595334.0590038,0.0,STILL,IDLE,3,-1,-1,,243,1025,0.026750802993774414
1790595334.083002,0.0,STILL,IDLE,3,-1,-1,,243,1025,0.023998260498046875
1790595334.108829,0.0,STILL,IDLE,3,-1,-1,,243,1025,0.02582693099975586
1790595334.133729,0.0,STILL,IDLE,3,-1,-1,,243,1025,0.024899959564208984
1790595334.1609712,0.0,STILL,IDLE,3,-1,-1,,243,1025,0.027242183685302734
1790595334.185097,0.0,STILL,IDLE,3,-1,-1,,243,1025,0.02412581443786621
1790595334.2096062,0.0,STILL,IDLE,3,-1,-1,,243,1025,0.024509191513061523
1790595334.236335,0.0,STILL,IDLE,3,-1,-1,,243,1025,0.02672886848449707
1790595334.258615,0.0,STILL,IDLE,3,-1,-1,,243,1025,0.022279977798461914
1790595334.281091,0.0,STILL,IDLE,3,-1,-1,,243,1025,0.0224759578704834
1790595334.308348,0.0,STILL,IDLE,3,-1,-1,,243,1025,0.02725696563720703
1790595334.336015,0.0,STILL,IDLE,3,-1,-1,,243,1025,0.02766704559326172
1790595334.358389,0.0,STILL,IDLE,3,-1,-1,,243,1025,0.02237391471862793
1790595334.3862681,0.0,STILL,IDLE,3,-1,-1,,243,1025,0.02787923812866211
1790595334.4147801,0.0,STILL,IDLE,3,-1,-1,,243,1025,0.028512001037597656
1790595334.443291,0.0,STILL,IDLE,3,-1,-1,,243,1025,0.02851080894470215
1790595334.472014,0.0,STILL,IDLE,4,-1,-1,,243,1025,0.02872300148010254
1790595334.495597,0.0,STILL,IDLE,4,-1,-1,,243,1025,0.023582935333251953
1790595334.519219,0.0,STILL,IDLE,4,-1,-1,,243,1025,0.02362203598022461
1790595334.54909,0.0,STILL,IDLE,4,-1,-1,,243,1025,0.029870986938476562
1790595334.57582,0.0,STILL,IDLE,4,-1,-1,,243,1025,0.026730060577392578
1790595334.600842,0.0,STILL,IDLE,4,-1,-1,,243,1025,0.025022029876708984
1790595334.6319818,0.0,STILL,IDLE,4,-1,-1,,243,1025,0.031139850616455078
1790595334.658541,0.0,STILL,IDLE,4,-1,-1,,243,1025,0.026559114456176758
1790595334.6867461,0.0,STILL,IDLE,4,-1,-1,,243,1025,0.028205156326293945
1790595334.716135,0.0,STILL,IDLE,4,-1,-1,,243,1025,0.029388904571533203
1790595334.744045,0.0,STILL,IDLE,4,-1,-1,,243,1025,0.02790999412536621
1790595334.770293,0.0,STILL,IDLE,4,-1,-1,,243,1025,0.02624797821044922
1790595334.799695,0.0,STILL,IDLE,4,-1,-1,,243,1025,0.02940201759338379
1790595334.82743,0.0,STILL,IDLE,4,-1,-1,,243,1025,0.027734994888305664
1790595334.85143,0.0,STILL,IDLE,4,-1,-1,,243,1025,0.023999929428100586
1790595334.880355,0.0,STILL,IDLE,1,-1,-1,,243,1025,0.028924942016601562
1790595334.907768,0.0,STILL,IDLE,1,-1,-1,,243,1025,0.027413129806518555
1790595334.9325671,0.0,STILL,IDLE,1,-1,-1,,243,1025,0.024799108505249023
1790595334.959564,0.0,STILL,IDLE,1,-1,-1,,243,1025,0.026996850967407227
1790595334.986847,0.0,STILL,IDLE,1,-1,-1,,243,1025,0.0272829532623291
1790595335.014916,0.0,STILL,IDLE,1,-1,-1,,243,1025,0.028069019317626953
1790595335.042453,0.0,STILL,IDLE,1,-1,-1,,243,1025,0.027537107467651367
1790595335.0665069,0.0,STILL,IDLE,1,-1,-1,,243,1025,0.02405381202697754
1790595335.093888,0.0,STILL,IDLE,1,-1,-1,,243,1025,0.027381181716918945
1790595335.118875,0.0,STILL,IDLE,1,-1,-1,,243,1025,0.024986982345581055
1790595335.1424,0.0,STILL,IDLE,1,-1,-1,,243,1025,0.023524999618530273
1790595335.164909,0.0,STILL,IDLE,1,-1,-1,,243,1025,0.022508859634399414
1790595335.1918159,0.0,STILL,IDLE,1,-1,-1,,243,1025,0.026906967163085938
1790595335.216763,0.0,STILL,IDLE,1,-1,-1,,243,1025,0.024947166442871094
1790595335.239606,0.0,STILL,IDLE,1,-1,-1,,243,1025,0.022842884063720703
1790595335.267343,0.0,STILL,IDLE,1,-1,-1,,243,1025,0.027737140655517578
1790595335.2944741,0.0,STILL,IDLE,1,-1,-1,,243,1025,0.027131080627441406
1790595335.319528,0.0,STILL,IDLE,1,-1,-1,,243,1025,0.025053977966308594
1790595335.343467,0.0,STILL,IDLE,2,-1,-1,,243,1025,0.023938894271850586
1790595335.36732,0.0,STILL,IDLE,2,-1,-1,,243,1025,0.023853063583374023
1790595335.394522,0.0,STILL,IDLE,2,-1,-1,,243,1025,0.02720189094543457
1790595335.4226031,0.0,STILL,IDLE,2,-1,-1,,243,1025,0.028081178665161133
1790595335.449809,0.0,STILL,IDLE,2,-1,-1,,243,1025,0.027205944061279297
1790595335.475529,0.0,STILL,IDLE,2,-1,-1,,243,1025,0.025719881057739258
1790595335.5003772,0.0,STILL,IDLE,2,-1,-1,,243,1025,0.024848222732543945
1790595335.5231571,0.0,STILL,IDLE,2,-1,-1,,243,1025,0.02277994155883789
1790595335.549869,0.0,STILL,IDLE,2,-1,-1,,243,1025,0.02671194076538086
1790595335.5764189,0.0,STILL,IDLE,2,-1,-1,,243,1025,0.026549816131591797
1790595335.604955,0.0,STILL,IDLE,2,-1,-1,,243,1025,0.028536081314086914
1790595335.635931,0.0,STILL,IDLE,2,-1,-1,,243,1025,0.030976057052612305
1790595335.6660562,0.0,STILL,IDLE,2,-1,-1,,243,1025,0.030125141143798828
1790595335.694357,0.0,STILL,IDLE,2,-1,-1,,243,1025,0.028300762176513672
1790595335.721751,0.0,STILL,IDLE,2,-1,-1,,243,1025,0.02739405632019043
1790595335.749243,0.0,STILL,IDLE,2,-1,-1,,243,1025,0.027492046356201172
1790595335.7752829,0.0,STILL,IDLE,2,-1,-1,,243,1025,0.026039838790893555
1790595335.799926,0.0,STILL,IDLE,3,-1,-1,,243,1025,0.0246431827545166
1790595335.827002,0.0,STILL,IDLE,3,-1,-1,,243,1025,0.027076005935668945
1790595335.8550339,0.0,STILL,IDLE,3,-1,-1,,243,1025,0.02803182601928711
1790595335.8822079,0.0,STILL,IDLE,3,-1,-1,,243,1025,0.027173995971679688
1790595335.9100351,0.0,STILL,IDLE,3,-1,-1,,243,1025,0.02782726287841797
1790595335.933975,0.0,STILL,IDLE,3,-1,-1,,243,1025,0.023939847946166992
1790595335.961112,0.0,STILL,IDLE,3,-1,-1,,243,1025,0.027137041091918945
1790595335.983893,0.0,STILL,IDLE,3,-1,-1,,243,1025,0.022780895233154297
1790595336.008455,0.0,STILL,IDLE,3,-1,-1,,243,1025,0.02456212043762207
1790595336.033936,0.0,STILL,IDLE,3,-1,-1,,243,1025,0.025480985641479492
1790595336.058209,0.0,STILL,IDLE,3,-1,-1,,243,1025,0.024272918701171875
1790595336.084052,0.0,STILL,IDLE,3,-1,-1,,243,1025,0.025843143463134766
1790595336.109983,0.0,STILL,IDLE,3,-1,-1,,243,1025,0.02593088150024414
1790595336.13446,0.0,STILL,IDLE,3,-1,-1,,243,1025,0.024477005004882812
1790595336.15725,0.0,STILL,IDLE,3,-1,-1,,243,1025,0.022789955139160156
1790595336.180937,0.0,STILL,IDLE,3,-1,-1,,243,1025,0.023687124252319336
1790595336.20754,0.0,STILL,IDLE,3,-1,-1,,243,1025,0.026602983474731445
1790595336.233088,0.0,STILL,IDLE,4,-1,-1,,243,1025,0.02554798126220703
1790595336.259616,0.0,STILL,IDLE,4,-1,-1,,243,1025,0.026527881622314453
1790595336.285712,0.0,STILL,IDLE,4,-1,-1,,243,1025,0.026096105575561523
1790595336.308072,0.0,STILL,IDLE,4,-1,-1,,243,1025,0.02236008644104004
1790595336.334451,0.0,STILL,IDLE,4,-1,-1,,243,1025,0.026378870010375977
1790595336.3585649,0.0,STILL,IDLE,4,-1,-1,,243,1025,0.024113893508911133
1790595336.384876,0.0,STILL,IDLE,4,-1,-1,,243,1025,0.026311159133911133
1790595336.410334,0.0,STILL,IDLE,4,-1,-1,,243,1025,0.025458097457885742
1790595336.43746,0.0,STILL,IDLE,4,-1,-1,,243,1025,0.027125835418701172
1790595336.46383,0.0,STILL,IDLE,4,-1,-1,,243,1025,0.02637004852294922
1790595336.48943,0.0,STILL,IDLE,4,-1,-1,,243,1025,0.025599956512451172
1790595336.512412,0.0,STILL,IDLE,4,-1,-1,,243,1025,0.022982120513916016
1790595336.539194,0.0,STILL,IDLE,4,-1,-1,,243,1025,0.02678203582763672
1790595336.563113,0.0,STILL,IDLE,4,-1,-1,,243,1025,0.023918867111206055
1790595336.58714,0.0,STILL,IDLE,4,-1,-1,,243,1025,0.024027109146118164
1790595336.612855,0.0,STILL,IDLE,4,-1,-1,,243,1025,0.025714874267578125
1790595336.639694,0.0,STILL,IDLE,4,-1,-1,,243,1025,0.026839017868041992
1790595336.6668139,0.0,STILL,IDLE,4,-1,-1,,243,1025,0.027119874954223633
1790595336.693732,0.0,STILL,IDLE,1,-1,-1,,243,1025,0.02691817283630371
1790595336.718693,0.0,STILL,IDLE,1,-1,-1,,243,1025,0.024960994720458984
1790595336.742593,0.0,STILL,IDLE,1,-1,-1,,243,1025,0.02390003204345703
1790595336.768583,0.0,STILL,IDLE,1,-1,-1,,243,1025,0.025990009307861328
1790595336.796241,0.0,STILL,IDLE,1,-1,-1,,243,1025,0.02765798568725586
1790595336.824291,0.0,STILL,IDLE,1,-1,-1,,243,1025,0.028049945831298828
1790595336.8504329,0.0,STILL,IDLE,1,-1,-1,,243,1025,0.026141881942749023
1790595336.875637,0.0,STILL,IDLE,1,-1,-1,,243,1025,0.025204181671142578
1790595336.90185,0.0,STILL,IDLE,1,-1,-1,,243,1025,0.02621293067932129
1790595336.931985,0.0,STILL,IDLE,1,-1,-1,,243,1025,0.030134916305541992
1790595336.9595551,0.0,STILL,IDLE,1,-1,-1,,243,1025,0.027570247650146484
1790595336.9865332,0.0,STILL,IDLE,1,-1,-1,,243,1025,0.026978015899658203
1790595337.012914,0.0,STILL,IDLE,1,-1,-1,,243,1025,0.02638077735900879
1790595337.040405,0.0,STILL,IDLE,1,-1,-1,,243,1025,0.027491092681884766
1790595337.066568,0.0,STILL,IDLE,1,-1,-1,,243,1025,0.02616286277770996
1790595337.091214,0.0,STILL,IDLE,1,-1,-1,,243,1025,0.02464604377746582
1790595337.116399,0.0,STILL,IDLE,1,-1,-1,,243,1025,0.025185108184814453
1790595337.142245,0.0,STILL,IDLE,2,-1,-1,,243,1025,0.025846004486083984
1790595337.167263,0.0,STILL,IDLE,2,-1,-1,,243,1025,0.025017976760864258
1790595337.1900349,0.0,STILL,IDLE,2,-1,-1,,243,1025,0.022771835327148438
1790595337.217484,0.0,STILL,IDLE,2,-1,-1,,243,1025,0.02744913101196289
1790595337.24003,0.0,STILL,IDLE,2,-1,-1,,243,1025,0.022546052932739258
1790595337.267157,0.0,STILL,IDLE,2,-1,-1,,243,1025,0.02712702751159668
1790595337.291532,0.0,STILL,IDLE,2,-1,-1,,243,1025,0.024374961853027344
1790595337.317194,0.0,STILL,IDLE,2,-1,-1,,243,1025,0.025661945343017578
1790595337.340918,0.0,STILL,IDLE,2,-1,-1,,243,1025,0.023724079132080078
1790595337.366456,0.0,STILL,IDLE,2,-1,-1,,243,1025,0.025537967681884766
1790595337.393344,0.0,STILL,IDLE,2,-1,-1,,243,1025,0.026887893676757812
1790595337.4170408,0.0,STILL,IDLE,2,-1,-1,,243,1025,0.0236968994140625
1790595337.443521,0.0,STILL,IDLE,2,-1,-1,,243,1025,0.02648019790649414
1790595337.46762,0.0,STILL,IDLE,2,-1,-1,,243,1025,0.024098873138427734
1790595337.493379,0.0,STILL,IDLE,2,-1,-1,,243,1025,0.025759220123291016
1790595337.5201092,0.0,STILL,IDLE,2,-1,-1,,243,1025,0.026730060577392578
1790595337.5419788,0.0,STILL,IDLE,2,-1,-1,,243,1025,0.021869659423828125
1790595337.568814,0.0,STILL,IDLE,2,-1,-1,,243,1025,0.026835203170776367
1790595337.595941,0.0,STILL,IDLE,3,-1,-1,,243,1025,0.02712702751159668
1790595337.619812,0.0,STILL,IDLE,3,-1,-1,,243,1025,0.02387094497680664
1790595337.645986,0.0,STILL,IDLE,3,-1,-1,,243,1025,0.026174068450927734
1790595337.669571,0.0,STILL,IDLE,3,-1,-1,,243,1025,0.023584842681884766
1790595337.697587,0.0,STILL,IDLE,3,-1,-1,,243,1025,0.028016090393066406
1790595337.725286,0.0,STILL,IDLE,3,-1,-1,,243,1025,0.027698993682861328
1790595337.750472,0.0,STILL,IDLE,3,-1,-1,,243,1025,0.02518606185913086
1790595337.775805,0.0,STILL,IDLE,3,-1,-1,,243,1025,0.025332927703857422
1790595337.803082,0.0,STILL,IDLE,3,-1,-1,,243,1025,0.027276992797851562
1790595337.8294969,0.0,STILL,IDLE,3,-1,-1,,243,1025,0.026414871215820312
1790595337.8566399,0.0,STILL,IDLE,3,-1,-1,,243,1025,0.027143001556396484
1790595337.884297,0.0,STILL,IDLE,3,-1,-1,,243,1025,0.027657032012939453
1790595337.90921,0.0,STILL,IDLE,3,-1,-1,,243,1025,0.02491307258605957
1790595337.9361892,0.0,STILL,IDLE,3,-1,-1,,243,1025,0.02697920799255371
1790595337.96146,0.0,STILL,IDLE,3,-1,-1,,243,1025,0.025270938873291016
1790595337.988841,0.0,STILL,IDLE,3,-1,-1,,243,1025,0.027380943298339844
1790595338.017081,0.0,STILL,IDLE,3,-1,-1,,243,1025,0.028239965438842773
1790595338.042037,0.0,STILL,IDLE,4,-1,-1,,243,1025,0.02495598793029785
1790595338.0661469,0.0,STILL,IDLE,4,-1,-1,,243,1025,0.024109840393066406
1790595338.092966,0.0,STILL,IDLE,4,-1,-1,,243,1025,0.026819229125976562
1790595338.119872,0.0,STILL,IDLE,4,-1,-1,,243,1025,0.02690601348876953
1790595338.146986,0.0,STILL,IDLE,4,-1,-1,,243,1025,0.027113914489746094
1790595338.172607,0.0,STILL,IDLE,4,-1,-1,,243,1025,0.02562093734741211
1790595338.19684,0.0,STILL,IDLE,4,-1,-1,,243,1025,0.024233102798461914
1790595338.2228642,0.0,STILL,IDLE,4,-1,-1,,243,1025,0.02602410316467285
1790595338.248934,0.0,STILL,IDLE,4,-1,-1,,243,1025,0.02606987953186035
1790595338.275554,0.0,STILL,IDLE,4,-1,-1,,243,1025,0.026619911193847656
1790595338.300231,0.0,STILL,IDLE,4,-1,-1,,243,1025,0.024677038192749023
1790595338.3253078,0.0,STILL,IDLE,4,-1,-1,,243,1025,0.025076866149902344
1790595338.3474321,0.0,STILL,IDLE,4,-1,-1,,243,1025,0.022124290466308594
1790595338.370759,0.0,STILL,IDLE,4,-1,-1,,243,1025,0.023326873779296875
1790595338.39481,0.0,STILL,IDLE,4,-1,-1,,243,1025,0.02405095100402832
1790595338.4170132,0.0,STILL,IDLE,4,-1,-1,,243,1025,0.02220320701599121
1790595338.438758,0.0,STILL,IDLE,4,-1,-1,,243,1025,0.021744728088378906
1790595338.465451,0.0,STILL,IDLE,4,-1,-1,,243,1025,0.026693105697631836
1790595338.491699,0.0,STILL,IDLE,1,-1,-1,,243,1025,0.02624797821044922
1790595338.515399,0.0,STILL,IDLE,1,-1,-1,,243,1025,0.02369999885559082
1790595338.5394711,0.0,STILL,IDLE,1,-1,-1,,243,1025,0.02407217025756836
1790595338.562726,0.0,STILL,IDLE,1,-1,-1,,243,1025,0.023254871368408203
1790595338.589669,0.0,STILL,IDLE,1,-1,-1,,243,1025,0.026942968368530273
1790595338.616566,0.0,STILL,IDLE,1,-1,-1,,243,1025,0.026896953582763672
1790595338.6427531,0.0,STILL,IDLE,1,-1,-1,,243,1025,0.02618718147277832
1790595338.67002,0.0,STILL,IDLE,1,-1,-1,,243,1025,0.027266979217529297
1790595338.696509,0.0,STILL,IDLE,1,-1,-1,,243,1025,0.026488780975341797
1790595338.724473,0.0,STILL,IDLE,1,-1,-1,,243,1025,0.027964115142822266
1790595338.748887,0.0,STILL,IDLE,1,-1,-1,,243,1025,0.0244140625
1790595338.775559,0.0,STILL,IDLE,1,-1,-1,,243,1025,0.026671886444091797
1790595338.8024678,0.0,STILL,IDLE,1,-1,-1,,243,1025,0.02690887451171875
1790595338.830091,0.0,STILL,IDLE,1,-1,-1,,243,1025,0.02762317657470703
1790595338.853462,0.0,STILL,IDLE,1,-1,-1,,243,1025,0.023370981216430664
1790595338.87647,0.0,STILL,IDLE,1,-1,-1,,243,1025,0.023008108139038086
1790595338.900626,0.0,STILL,IDLE,1,-1,-1,,243,1025,0.024155855178833008
1790595338.92785,0.0,STILL,IDLE,1,-1,-1,,243,1025,0.027224063873291016
1790595338.950608,0.0,STILL,IDLE,2,-1,-1,,243,1025,0.022758007049560547
1790595338.978235,0.0,STILL,IDLE,2,-1,-1,,243,1025,0.027626991271972656
1790595339.0043778,0.0,STILL,IDLE,2,-1,-1,,243,1025,0.02614283561706543
1790595339.029117,0.0,STILL,IDLE,2,-1,-1,,243,1025,0.02473926544189453
1790595339.054298,0.0,STILL,IDLE,2,-1,-1,,243,1025,0.025180816650390625
1790595339.0809522,0.0,STILL,IDLE,2,-1,-1,,243,1025,0.02665424346923828
1790595339.1079311,0.0,STILL,IDLE,2,-1,-1,,243,1025,0.02697896957397461
1790595339.1344829,0.0,STILL,IDLE,2,-1,-1,,243,1025,0.02655172348022461
1790595339.158942,0.0,STILL,IDLE,2,-1,-1,,243,1025,0.024459123611450195
1790595339.183875,0.0,STILL,IDLE,2,-1,-1,,243,1025,0.0249330997467041
1790595339.211927,0.0,STILL,IDLE,2,-1,-1,,243,1025,0.02805185317993164
1790595339.2398849,0.0,STILL,IDLE,2,-1,-1,,243,1025,0.027957916259765625
1790595339.2670631,0.0,STILL,IDLE,2,-1,-1,,243,1025,0.027178287506103516
1790595339.292107,0.0,STILL,IDLE,2,-1,-1,,243,1025,0.025043964385986328
1790595339.319367,0.0,STILL,IDLE,2,-1,-1,,243,1025,0.02725982666015625
1790595339.342085,0.0,STILL,IDLE,2,-1,-1,,243,1025,0.022717952728271484
1790595339.365364,0.0,STILL,IDLE,2,-1,-1,,243,1025,0.023279190063476562
1790595339.392427,0.0,STILL,IDLE,3,-1,-1,,243,1025,0.02706289291381836
1790595339.419407,0.0,STILL,IDLE,3,-1,-1,,243,1025,0.026979923248291016
1790595339.4548569,0.0,STILL,IDLE,3,-1,-1,,243,1025,0.035449981689453125
1790595339.478756,0.0,STILL,IDLE,3,-1,-1,,243,1025,0.023899078369140625
1790595339.50232,0.0,STILL,IDLE,3,-1,-1,,243,1025,0.02356410026550293
1790595339.529296,0.0,STILL,IDLE,3,-1,-1,,243,1025,0.02697587013244629
1790595339.556539,0.0,STILL,IDLE,3,-1,-1,,243,1025,0.02724313735961914
1790595339.5812669,0.0,STILL,IDLE,3,-1,-1,,243,1025,0.024727821350097656
1790595339.609956,0.0,STILL,IDLE,3,-1,-1,,243,1025,0.028689146041870117
1790595339.6383781,0.0,STILL,IDLE,3,-1,-1,,243,1025,0.028422117233276367
1790595339.661977,0.0,STILL,IDLE,3,-1,-1,,243,1025,0.023598909378051758
1790595339.690477,0.0,STILL,IDLE,3,-1,-1,,243,1025,0.028499841690063477
1790595339.7182078,0.0,STILL,IDLE,3,-1,-1,,243,1025,0.027730941772460938
1790595339.744748,0.0,STILL,IDLE,3,-1,-1,,243,1025,0.026540279388427734
1790595339.770358,0.0,STILL,IDLE,3,-1,-1,,243,1025,0.025609970092773438
1790595339.796782,0.0,STILL,IDLE,3,-1,-1,,243,1025,0.026423931121826172
1790595339.8238611,0.0,STILL,IDLE,3,-1,-1,,243,1025,0.027079105377197266
1790595339.847959,0.0,STILL,IDLE,4,-1,-1,,243,1025,0.024097919464111328
1790595339.875504,0.0,STILL,IDLE,4,-1,-1,,243,1025,0.02754497528076172
1790595339.901157,0.0,STILL,IDLE,4,-1,-1,,243,1025,0.02565288543701172
1790595339.9259229,0.0,STILL,IDLE,4,-1,-1,,243,1025,0.024765968322753906
1790595339.948988,0.0,STILL,IDLE,4,-1,-1,,243,1025,0.02306509017944336
1790595339.975771,0.0,STILL,IDLE,4,-1,-1,,243,1025,0.026782989501953125
1790595339.9997149,0.0,STILL,IDLE,4,-1,-1,,243,1025,0.02394390106201172
1790595340.023536,0.0,STILL,IDLE,4,-1,-1,,243,1025,0.023821115493774414
1790595340.0476,41.55574049855348,RIGHT,MOVE,1,-1,-1,1,244,1025,0.024064064025878906
1790595340.077742,0.0,STILL,MOVE,1,-1,-1,,244,1025,0.03014206886291504
1790595340.108141,32.89598594531851,RIGHT,MOVE,1,-1,-1,1,245,1025,0.030398845672607422
1790595340.1362848,35.53170004405137,RIGHT,MOVE,1,-1,-1,1,246,1025,0.028143882751464844
1790595340.1716418,0.0,STILL,MOVE,2,-1,-1,,246,1025,0.035356998443603516
1790595340.200439,34.725659027685786,RIGHT,MOVE,2,-1,-1,1,247,1025,0.028797149658203125
1790595340.225336,0.0,STILL,MOVE,2,-1,-1,,247,1025,0.024897098541259766
1790595340.250548,39.66394946380951,RIGHT,MOVE,2,-1,-1,1,248,1025,0.025211811065673828
1790595340.273541,43.49133139776026,RIGHT,MOVE,2,-1,-1,1,249,1025,0.022993087768554688
1790595340.298249,40.472667972557005,RIGHT,MOVE,3,-1,-1,1,250,1025,0.024708032608032227
1790595340.321413,0.0,STILL,MOVE,3,-1,-1,,250,1025,0.023164033889770508
1790595340.343185,45.9307474977551,RIGHT,MOVE,3,-1,-1,1,251,1025,0.021771907806396484
1790595340.367213,41.61800339349679,RIGHT,MOVE,3,-1,-1,1,252,1025,0.02402806282043457
1790595340.3936648,37.804573354845104,RIGHT,MOVE,3,-1,-1,1,253,1025,0.026451826095581055
1790595340.4164948,0.0,STILL,MOVE,3,-1,-1,,253,1025,0.02283000946044922
1790595340.442165,38.95590147490434,RIGHT,MOVE,3,-1,-1,1,254,1025,0.02567005157470703
1790595340.4711561,0.0,STILL,MOVE,4,-1,-1,,254,1025,0.028991222381591797
1790595340.497138,0.0,STILL,MOVE,4,-1,-1,,254,1025,0.025981903076171875
1790595340.521265,41.44732993398949,RIGHT,MOVE,4,-1,-1,1,255,1025,0.02412700653076172
1790595340.5482059,37.11839147595533,RIGHT,MOVE,4,-1,-1,1,256,1025,0.02694082260131836
1790595340.57039,0.0,STILL,MOVE,5,-1,-1,,256,1025,0.022184133529663086
1790595340.592184,45.884018334773714,RIGHT,MOVE,5,-1,-1,1,257,1025,0.02179408073425293
1790595340.618442,38.083643561479654,RIGHT,MOVE,5,-1,-1,1,258,1025,0.026257991790771484
1790595340.642031,42.3928279040621,RIGHT,MOVE,5,-1,-1,1,259,1025,0.023588895797729492
1790595340.66745,0.0,STILL,MOVE,5,-1,-1,,259,1025,0.025418996810913086
1790595340.6925368,0.0,STILL,MOVE,5,-1,-1,,259,1025,0.02508687973022461
1790595340.717507,40.047970056907154,RIGHT,MOVE,6,-1,-1,1,260,1025,0.024970054626464844
1790595340.741726,0.0,STILL,MOVE,6,-1,-1,,260,1025,0.024219036102294922
1790595340.766988,39.584963711694364,RIGHT,MOVE,6,-1,-1,1,261,1025,0.025262117385864258
1790595340.792077,39.85806463874714,RIGHT,MOVE,6,-1,-1,1,262,1025,0.025089025497436523
1790595340.8170729,0.0,STILL,MOVE,6,-1,-1,,262,1025,0.024995803833007812
1790595340.83947,44.64875452416436,RIGHT,MOVE,7,-1,-1,1,263,1025,0.02239704132080078
1790595340.866171,37.451817986999075,RIGHT,MOVE,7,-1,-1,1,264,1025,0.026700973510742188
1790595340.887941,0.0,STILL,MOVE,7,-1,-1,,264,1025,0.021770000457763672
1790595340.913563,39.028762317734746,RIGHT,MOVE,7,-1,-1,1,265,1025,0.025622129440307617
1790595340.9352741,46.05936549421829,RIGHT,MOVE,7,-1,-1,1,266,1025,0.021711111068725586
1790595340.96038,0.0,STILL,MOVE,8,-1,-1,,266,1025,0.025105953216552734
1790595340.9844298,0.0,STILL,MOVE,8,-1,-1,,266,1025,0.024049758911132812
1790595341.010332,38.60665304394249,RIGHT,MOVE,8,-1,-1,1,267,1025,0.025902271270751953
1790595341.033544,0.0,STILL,MOVE,8,-1,-1,,267,1025,0.023211956024169922
1790595341.0639892,32.84600927202105,RIGHT,MOVE,8,-1,-1,1,268,1025,0.030445098876953125
1790595341.089304,39.50257115409972,RIGHT,MOVE,8,-1,-1,1,269,1025,0.025314807891845703
1790595341.115035,38.86349653459842,RIGHT,MOVE,1,-1,-1,1,270,1025,0.02573108673095703
1790595341.14026,0.0,STILL,MOVE,1,-1,-1,,270,1025,0.025224924087524414
1790595341.16681,37.66470604082292,RIGHT,MOVE,1,-1,-1,1,271,1025,0.0265500545501709
1790595341.189721,43.64701964701965,RIGHT,MOVE,1,-1,-1,1,272,1025,0.02291107177734375
1790595341.214484,0.0,STILL,MOVE,1,-1,-1,,272,1025,0.024762868881225586
1790595341.241144,37.5094258629941,RIGHT,MOVE,2,-1,-1,1,273,1025,0.02665996551513672
1790595341.266931,38.77905675903069,RIGHT,MOVE,2,-1,-1,1,274,1025,0.0257871150970459
1790595341.293799,0.0,STILL,MOVE,2,-1,-1,,274,1025,0.02686786651611328
1790595341.324256,0.0,STILL,MOVE,2,-1,-1,,274,1025,0.030457019805908203
1790595341.347878,42.333353519449325,RIGHT,MOVE,2,-1,-1,1,275,1025,0.02362203598022461
1790595341.3758168,35.79246313489896,RIGHT,MOVE,2,-1,-1,1,276,1025,0.0279388427734375
1790595341.403991,0.0,STILL,MOVE,3,-1,-1,,276,1025,0.028174161911010742
1790595341.431634,36.17556902960938,RIGHT,MOVE,3,-1,-1,1,277,1025,0.02764296531677246
1790595341.458479,37.2509147749476,RIGHT,MOVE,3,-1,-1,1,278,1025,0.02684497833251953
1790595341.4837,39.64932646405445,RIGHT,MOVE,3,-1,-1,1,279,1025,0.02522110939025879
1790595341.5127711,34.3984319257297,RIGHT,MOVE,4,-1,-1,1,280,1025,0.02907109260559082
1790595341.5392141,0.0,STILL,MOVE,4,-1,-1,,280,1025,0.026443004608154297
1790595341.566174,0.0,STILL,MOVE,4,-1,-1,,280,1025,0.026959896087646484
1790595341.592865,0.0,STILL,MOVE,4,-1,-1,,280,1025,0.026690959930419922
1790595341.6174998,40.592919497512725,RIGHT,MOVE,4,-1,-1,1,281,1025,0.024634838104248047
1790595341.640126,44.19662595757684,RIGHT,MOVE,5,-1,-1,1,282,1025,0.022626161575317383
1790595341.66729,0.0,STILL,MOVE,5,-1,-1,,282,1025,0.027163982391357422
1790595341.694448,36.82153297807899,RIGHT,MOVE,5,-1,-1,1,283,1025,0.027158021926879883
1790595341.7179499,42.54980015014101,RIGHT,MOVE,5,-1,-1,1,284,1025,0.023501873016357422
1790595341.741634,42.222553302864966,RIGHT,MOVE,5,-1,-1,1,285,1025,0.023684024810791016
1790595341.7670522,0.0,STILL,MOVE,6,-1,-1,,285,1025,0.02541828155517578
1790595341.792855,38.75540771540771,RIGHT,MOVE,6,-1,-1,1,286,1025,0.0258028507232666
1790595341.819902,36.972788096224534,RIGHT,MOVE,6,-1,-1,1,287,1025,0.027046918869018555
1790595341.842208,0.0,STILL,MOVE,6,-1,-1,,287,1025,0.022305965423583984
1790595341.867461,39.599165399975455,RIGHT,MOVE,6,-1,-1,1,288,1025,0.0252530574798584
1790595341.895236,0.0,STILL,MOVE,7,-1,-1,,288,1025,0.027775049209594727
1790595341.926228,32.26635895068851,RIGHT,MOVE,7,-1,-1,1,289,1025,0.03099203109741211
1790595341.951545,0.0,STILL,MOVE,7,-1,-1,,289,1025,0.025316953659057617
1790595341.9787412,36.769884894230685,RIGHT,MOVE,7,-1,-1,1,290,1025,0.027196168899536133
1790595342.006701,35.76560474793642,RIGHT,MOVE,7,-1,-1,1,291,1025,0.027959823608398438
1790595342.03554,0.0,STILL,IDLE,1,-1,-1,,291,1025,0.028839111328125
1790595342.062969,0.0,STILL,IDLE,1,-1,-1,,291,1025,0.027428865432739258
1790595342.09508,0.0,STILL,IDLE,1,-1,-1,,291,1025,0.03211092948913574
1790595342.124851,0.0,STILL,IDLE,1,-1,-1,,291,1025,0.029771089553833008
1790595342.1523309,0.0,STILL,IDLE,1,-1,-1,,291,1025,0.027479887008666992
1790595342.178457,0.0,STILL,IDLE,1,-1,-1,,291,1025,0.02612614631652832
1790595342.206938,0.0,STILL,IDLE,1,-1,-1,,291,1025,0.028481006622314453
1790595342.233016,0.0,STILL,IDLE,1,-1,-1,,291,1025,0.026077985763549805
1790595342.258956,0.0,STILL,IDLE,1,-1,-1,,291,1025,0.02593994140625
1790595342.284538,0.0,STILL,IDLE,1,-1,-1,,291,1025,0.025582075119018555
1790595342.309185,0.0,STILL,IDLE,1,-1,-1,,291,1025,0.024646997451782227
1790595342.331894,0.0,STILL,IDLE,1,-1,-1,,291,1025,0.022708892822265625
1790595342.359103,0.0,STILL,IDLE,1,-1,-1,,291,1025,0.027209043502807617
1790595342.38546,0.0,STILL,IDLE,1,-1,-1,,291,1025,0.026356935501098633
1790595342.408842,0.0,STILL,IDLE,1,-1,-1,,291,1025,0.023382186889648438
1790595342.434715,0.0,STILL,IDLE,1,-1,-1,,291,1025,0.02587294578552246
1790595342.460659,0.0,STILL,IDLE,1,-1,-1,,291,1025,0.025943994522094727
1790595342.485357,0.0,STILL,IDLE,1,-1,-1,,291,1025,0.02469801902770996
1790595342.508357,0.0,STILL,IDLE,2,-1,-1,,291,1025,0.023000001907348633
1790595342.533952,0.0,STILL,IDLE,2,-1,-1,,291,1025,0.02559494972229004
1790595342.556913,0.0,STILL,IDLE,2,-1,-1,,291,1025,0.022960901260375977
1790595342.582747,0.0,STILL,IDLE,2,-1,-1,,291,1025,0.025834083557128906
1790595342.6085339,0.0,STILL,IDLE,2,-1,-1,,291,1025,0.025786876678466797
1790595342.633647,0.0,STILL,IDLE,2,-1,-1,,291,1025,0.02511310577392578
1790595342.66019,0.0,STILL,IDLE,2,-1,-1,,291,1025,0.026543140411376953
1790595342.6868129,0.0,STILL,IDLE,2,-1,-1,,291,1025,0.026622772216796875
1790595342.7126079,0.0,STILL,IDLE,2,-1,-1,,291,1025,0.02579498291015625
1790595342.739427,0.0,STILL,IDLE,2,-1,-1,,291,1025,0.026819229125976562
1790595342.7630548,0.0,STILL,IDLE,2,-1,-1,,291,1025,0.023627758026123047
1790595342.789713,0.0,STILL,IDLE,2,-1,-1,,291,1025,0.026658058166503906
1790595342.81664,0.0,STILL,IDLE,2,-1,-1,,291,1025,0.02692699432373047
1790595342.8422089,0.0,STILL,IDLE,2,-1,-1,,291,1025,0.02556896209716797
1790595342.868506,0.0,STILL,IDLE,2,-1,-1,,291,1025,0.02629709243774414
1790595342.894957,0.0,STILL,IDLE,2,-1,-1,,291,1025,0.02645111083984375
1790595342.919096,0.0,STILL,IDLE,2,-1,-1,,291,1025,0.024138927459716797
1790595342.946152,0.0,STILL,IDLE,3,-1,-1,,291,1025,0.027055978775024414
1790595342.9720669,0.0,STILL,IDLE,3,-1,-1,,291,1025,0.025914907455444336
1790595342.999274,0.0,STILL,IDLE,3,-1,-1,,291,1025,0.027207136154174805
1790595343.0251899,0.0,STILL,IDLE,3,-1,-1,,291,1025,0.025915861129760742
1790595343.047367,0.0,STILL,IDLE,3,-1,-1,,291,1025,0.02217721939086914
1790595343.073853,0.0,STILL,IDLE,3,-1,-1,,291,1025,0.026485919952392578
1790595343.099708,0.0,STILL,IDLE,3,-1,-1,,291,1025,0.025855064392089844
1790595343.126449,0.0,STILL,IDLE,3,-1,-1,,291,1025,0.02674102783203125
1790595343.1503649,0.0,STILL,IDLE,3,-1,-1,,291,1025,0.023915767669677734
1790595343.175477,0.0,STILL,IDLE,3,-1,-1,,291,1025,0.025112152099609375
1790595343.201967,0.0,STILL,IDLE,3,-1,-1,,291,1025,0.026489973068237305
1790595343.2295141,0.0,STILL,IDLE,3,-1,-1,,291,1025,0.027547121047973633
1790595343.2560802,0.0,STILL,IDLE,3,-1,-1,,291,1025,0.026566028594970703
1790595343.283012,0.0,STILL,IDLE,3,-1,-1,,291,1025,0.0269317626953125
1790595343.307032,0.0,STILL,IDLE,3,-1,-1,,291,1025,0.02402019500732422
1790595343.332655,0.0,STILL,IDLE,3,-1,-1,,291,1025,0.025622844696044922
1790595343.355983,0.0,STILL,IDLE,3,-1,-1,,291,1025,0.023328065872192383
1790595343.380412,0.0,STILL,IDLE,3,-1,-1,,291,1025,0.0244290828704834
1790595343.407299,0.0,STILL,IDLE,4,-1,-1,,291,1025,0.026886940002441406
1790595343.430695,0.0,STILL,IDLE,4,-1,-1,,291,1025,0.023396015167236328
1790595343.4548259,0.0,STILL,IDLE,4,-1,-1,,291,1025,0.024130821228027344
1790595343.4817271,0.0,STILL,IDLE,4,-1,-1,,291,1025,0.0269012451171875
1790595343.508734,0.0,STILL,IDLE,4,-1,-1,,291,1025,0.027006864547729492
1790595343.535427,0.0,STILL,IDLE,4,-1,-1,,291,1025,0.026693105697631836
1790595343.5628572,0.0,STILL,IDLE,4,-1,-1,,291,1025,0.027430057525634766
1790595343.590302,0.0,STILL,IDLE,4,-1,-1,,291,1025,0.027444839477539062
1790595343.615953,0.0,STILL,IDLE,4,-1,-1,,291,1025,0.025650978088378906
1790595343.643602,0.0,STILL,IDLE,4,-1,-1,,291,1025,0.02764892578125
1790595343.667546,0.0,STILL,IDLE,4,-1,-1,,291,1025,0.02394413948059082
1790595343.69544,0.0,STILL,IDLE,4,-1,-1,,291,1025,0.027894020080566406
1790595343.719106,0.0,STILL,IDLE,4,-1,-1,,291,1025,0.023665904998779297
1790595343.743051,0.0,STILL,IDLE,4,-1,-1,,291,1025,0.023945093154907227
1790595343.768693,0.0,STILL,IDLE,4,-1,-1,,291,1025,0.025641918182373047
1790595343.792309,0.0,STILL,IDLE,4,-1,-1,,291,1025,0.02361607551574707
1790595343.818015,0.0,STILL,IDLE,4,-1,-1,,291,1025,0.025706052780151367
1790595343.842212,0.0,STILL,IDLE,4,-1,-1,,291,1025,0.024196863174438477
1790595343.864911,0.0,STILL,IDLE,1,-1,-1,,291,1025,0.02269911766052246
1790595343.888488,0.0,STILL,IDLE,1,-1,-1,,291,1025,0.023576974868774414
1790595343.91226,0.0,STILL,IDLE,1,-1,-1,,291,1025,0.023772001266479492
1790595343.939534,0.0,STILL,IDLE,1,-1,-1,,291,1025,0.027273893356323242
1790595343.966419,0.0,STILL,IDLE,1,-1,-1,,291,1025,0.026885032653808594
1790595343.991125,0.0,STILL,IDLE,1,-1,-1,,291,1025,0.024706125259399414
1790595344.016704,0.0,STILL,IDLE,1,-1,-1,,291,1025,0.025578975677490234
1790595344.043699,0.0,STILL,IDLE,1,-1,-1,,291,1025,0.026994943618774414
1790595344.073148,0.0,STILL,IDLE,1,-1,-1,,291,1025,0.029448986053466797
1790595344.096288,0.0,STILL,IDLE,1,-1,-1,,291,1025,0.02313995361328125
1790595344.1198258,0.0,STILL,IDLE,1,-1,-1,,291,1025,0.023537874221801758
1790595344.146775,0.0,STILL,IDLE,1,-1,-1,,291,1025,0.026949167251586914
1790595344.169416,0.0,STILL,IDLE,1,-1,-1,,291,1025,0.02264094352722168
1790595344.194707,0.0,STILL,IDLE,1,-1,-1,,291,1025,0.025290966033935547
1790595344.217222,0.0,STILL,IDLE,1,-1,-1,,291,1025,0.022515058517456055
1790595344.242505,0.0,STILL,IDLE,1,-1,-1,,291,1025,0.025283098220825195
1790595344.268906,0.0,STILL,IDLE,1,-1,-1,,291,1025,0.026401042938232422
1790595344.292282,0.0,STILL,IDLE,1,-1,-1,,291,1025,0.023375988006591797
1790595344.319866,0.0,STILL,IDLE,2,-1,-1,,291,1025,0.027583837509155273
1790595344.345262,0.0,STILL,IDLE,2,-1,-1,,291,1025,0.025396108627319336
1790595344.374679,0.0,STILL,IDLE,2,-1,-1,,291,1025,0.029417037963867188
1790595344.401506,0.0,STILL,IDLE,2,-1,-1,,291,1025,0.026826858520507812
1790595344.4257178,0.0,STILL,IDLE,2,-1,-1,,291,1025,0.024211883544921875
1790595344.451675,0.0,STILL,IDLE,2,-1,-1,,291,1025,0.025957107543945312
1790595344.475175,0.0,STILL,IDLE,2,-1,-1,,291,1025,0.02349996566772461
1790595344.500802,0.0,STILL,IDLE,2,-1,-1,,291,1025,0.02562713623046875
1790595344.525422,0.0,STILL,IDLE,2,-1,-1,,291,1025,0.02462005615234375
1790595344.550538,0.0,STILL,IDLE,2,-1,-1,,291,1025,0.025115966796875
1790595344.574617,0.0,STILL,IDLE,2,-1,-1,,291,1025,0.024078845977783203
1790595344.601574,0.0,STILL,IDLE,2,-1,-1,,291,1025,0.026957035064697266
1790595344.625309,0.0,STILL,IDLE,2,-1,-1,,291,1025,0.02373504638671875
1790595344.647599,0.0,STILL,IDLE,2,-1,-1,,291,1025,0.02228999137878418
1790595344.674247,0.0,STILL,IDLE,2,-1,-1,,291,1025,0.02664804458618164
1790595344.701494,0.0,STILL,IDLE,2,-1,-1,,291,1025,0.027246952056884766
1790595344.725995,0.0,STILL,IDLE,2,-1,-1,,291,1025,0.02450108528137207
1790595344.751525,0.0,STILL,IDLE,3,-1,-1,,291,1025,0.025529861450195312
1790595344.778154,0.0,STILL,IDLE,3,-1,-1,,291,1025,0.026628971099853516
1790595344.7998152,0.0,STILL,IDLE,3,-1,-1,,291,1025,0.02166128158569336
1790595344.822761,0.0,STILL,IDLE,3,-1,-1,,291,1025,0.022945880889892578
1790595344.849413,0.0,STILL,IDLE,3,-1,-1,,291,1025,0.026651859283447266
1790595344.871972,0.0,STILL,IDLE,3,-1,-1,,291,1025,0.022559165954589844
1790595344.8977618,0.0,STILL,IDLE,3,-1,-1,,291,1025,0.025789737701416016
1790595344.924724,0.0,STILL,IDLE,3,-1,-1,,291,1025,0.0269622802734375
1790595344.950571,0.0,STILL,IDLE,3,-1,-1,,291,1025,0.02584695816040039
1790595344.978137,0.0,STILL,IDLE,3,-1,-1,,291,1025,0.027565956115722656
1790595345.006246,0.0,STILL,IDLE,3,-1,-1,,291,1025,0.028109073638916016
1790595345.030685,0.0,STILL,IDLE,3,-1,-1,,291,1025,0.024438858032226562
1790595345.0560489,0.0,STILL,IDLE,3,-1,-1,,291,1025,0.025363922119140625
1790595345.0838761,0.0,STILL,IDLE,3,-1,-1,,291,1025,0.02782726287841797
1790595345.10869,0.0,STILL,IDLE,3,-1,-1,,291,1025,0.02481389045715332
1790595345.13406,0.0,STILL,IDLE,3,-1,-1,,291,1025,0.025369882583618164
1790595345.1588879,0.0,STILL,IDLE,3,-1,-1,,291,1025,0.024827957153320312
1790595345.183809,0.0,STILL,IDLE,3,-1,-1,,291,1025,0.024921178817749023
1790595345.209303,0.0,STILL,IDLE,4,-1,-1,,291,1025,0.025493860244750977
1790595345.236799,0.0,STILL,IDLE,4,-1,-1,,291,1025,0.0274960994720459
1790595345.263576,0.0,STILL,IDLE,4,-1,-1,,291,1025,0.026777029037475586
1790595345.289563,0.0,STILL,IDLE,4,-1,-1,,291,1025,0.025986909866333008
1790595345.316028,0.0,STILL,IDLE,4,-1,-1,,291,1025,0.026465177536010742
1790595345.342103,0.0,STILL,IDLE,4,-1,-1,,291,1025,0.026074886322021484
1790595345.367163,0.0,STILL,IDLE,4,-1,-1,,291,1025,0.025059938430786133
1790595345.393467,0.0,STILL,IDLE,4,-1,-1,,291,1025,0.026304006576538086
1790595345.418236,0.0,STILL,IDLE,4,-1,-1,,291,1025,0.024769067764282227
1790595345.443335,0.0,STILL,IDLE,4,-1,-1,,291,1025,0.02509903907775879
1790595345.46717,0.0,STILL,IDLE,4,-1,-1,,291,1025,0.023834943771362305
1790595345.492192,0.0,STILL,IDLE,4,-1,-1,,291,1025,0.025022029876708984
1790595345.515819,0.0,STILL,IDLE,4,-1,-1,,291,1025,0.023627042770385742
1790595345.54126,0.0,STILL,IDLE,4,-1,-1,,291,1025,0.02544093132019043
1790595345.5652761,0.0,STILL,IDLE,4,-1,-1,,291,1025,0.024016141891479492
1790595345.592228,0.0,STILL,IDLE,4,-1,-1,,291,1025,0.02695178985595703
1790595345.614507,0.0,STILL,IDLE,4,-1,-1,,291,1025,0.022279024124145508
1790595345.640842,0.0,STILL,IDLE,4,-1,-1,,291,1025,0.02633500099182129
1790595345.665374,0.0,STILL,IDLE,1,-1,-1,,291,1025,0.024532079696655273
1790595345.6959329,0.0,STILL,IDLE,1,-1,-1,,291,1025,0.03055882453918457
1790595345.719345,0.0,STILL,IDLE,1,-1,-1,,291,1025,0.023412227630615234
1790595345.743421,0.0,STILL,IDLE,1,-1,-1,,291,1025,0.024075984954833984
1790595345.771523,0.0,STILL,IDLE,1,-1,-1,,291,1025,0.02810192108154297
1790595345.7984161,0.0,STILL,IDLE,1,-1,-1,,291,1025,0.026893138885498047
1790595345.825235,0.0,STILL,IDLE,1,-1,-1,,291,1025,0.02681875228881836
1790595345.847931,0.0,STILL,IDLE,1,-1,-1,,291,1025,0.02269601821899414
1790595345.871604,0.0,STILL,IDLE,1,-1,-1,,291,1025,0.023673057556152344
1790595345.893262,0.0,STILL,MOVE,1,-1,-1,,291,1025,0.021657943725585938
1790595345.9198031,-37.677224627656706,LEFT,MOVE,1,-1,-1,-1,290,1025,0.02654123306274414
1790595345.9426951,0.0,STILL,MOVE,1,-1,-1,,290,1025,0.022891998291015625
1790595345.970072,0.0,STILL,MOVE,1,-1,-1,,290,1025,0.027376890182495117
1790595345.9945822,-40.799431923192905,LEFT,MOVE,1,-1,-1,-1,289,1025,0.02451014518737793
1790595346.0185971,0.0,STILL,MOVE,1,-1,-1,,289,1025,0.024014949798583984
1790595346.044565,0.0,STILL,MOVE,2,-1,-1,,289,1025,0.025967836380004883
1790595346.069725,-39.745510712695086,LEFT,MOVE,2,-1,-1,-1,288,1025,0.02516007423400879
1790595346.093789,0.0,STILL,MOVE,2,-1,-1,,288,1025,0.024064064025878906
1790595346.119169,0.0,STILL,MOVE,2,-1,-1,,288,1025,0.02537989616394043
1790595346.143074,-41.83218471051713,LEFT,MOVE,2,-1,-1,-1,287,1025,0.023905038833618164
1790595346.1701732,0.0,STILL,MOVE,2,-1,-1,,287,1025,0.027099132537841797
1790595346.194498,0.0,STILL,MOVE,2,-1,-1,,287,1025,0.024324893951416016
1790595346.2420778,-21.017337796396145,LEFT,MOVE,3,-1,-1,-1,286,1025,0.04757976531982422
1790595346.268784,0.0,STILL,MOVE,3,-1,-1,,286,1025,0.026706218719482422
1790595346.294815,-38.41570954919309,LEFT,MOVE,3,-1,-1,-1,285,1025,0.026031017303466797
1790595346.322775,-35.76560474793642,LEFT,MOVE,3,-1,-1,-1,284,1025,0.027959823608398438
1790595346.348627,0.0,STILL,MOVE,3,-1,-1,,284,1025,0.025852203369140625
1790595346.371777,0.0,STILL,MOVE,4,-1,-1,,284,1025,0.023149967193603516
1790595346.400852,-34.3939187693216,LEFT,MOVE,4,-1,-1,-1,283,1025,0.029074907302856445
1790595346.42595,0.0,STILL,MOVE,4,-1,-1,,283,1025,0.025098085403442383
1790595346.453692,0.0,STILL,MOVE,4,-1,-1,,283,1025,0.02774190902709961
1790595346.479336,0.0,STILL,IDLE,1,-1,-1,,283,1025,0.02564406394958496
1790595346.505766,0.0,STILL,IDLE,1,-1,-1,,283,1025,0.02642989158630371
1790595346.530785,0.0,STILL,IDLE,1,-1,-1,,283,1025,0.025019168853759766
1790595346.557842,0.0,STILL,IDLE,1,-1,-1,,283,1025,0.02705693244934082
1790595346.585433,0.0,STILL,IDLE,1,-1,-1,,283,1025,0.02759099006652832
1790595346.6090279,0.0,STILL,IDLE,1,-1,-1,,283,1025,0.02359485626220703
1790595346.636016,0.0,STILL,IDLE,1,-1,-1,,283,1025,0.02698802947998047
1790595346.6591868,0.0,STILL,IDLE,1,-1,-1,,283,1025,0.023170948028564453
1790595346.684569,0.0,STILL,IDLE,1,-1,-1,,283,1025,0.025382041931152344
1790595346.7112489,0.0,STILL,IDLE,1,-1,-1,,283,1025,0.02667999267578125
1790595346.737893,0.0,STILL,IDLE,1,-1,-1,,283,1025,0.026644229888916016
1790595346.7615771,0.0,STILL,IDLE,1,-1,-1,,283,1025,0.023684024810791016
1790595346.788395,0.0,STILL,IDLE,1,-1,-1,,283,1025,0.026817798614501953
1790595346.814156,0.0,STILL,IDLE,1,-1,-1,,283,1025,0.025761127471923828
1790595346.841289,0.0,STILL,IDLE,1,-1,-1,,283,1025,0.02713298797607422
1790595346.868613,0.0,STILL,IDLE,1,-1,-1,,283,1025,0.02732396125793457
1790595346.894079,0.0,STILL,IDLE,1,-1,-1,,283,1025,0.025465965270996094
1790595346.919479,0.0,STILL,IDLE,2,-1,-1,,283,1025,0.02539992332458496
1790595346.942408,0.0,STILL,IDLE,2,-1,-1,,283,1025,0.02292919158935547
1790595346.966669,0.0,STILL,IDLE,2,-1,-1,,283,1025,0.024260997772216797
1790595346.9904609,0.0,STILL,IDLE,2,-1,-1,,283,1025,0.023791790008544922
1790595347.0161629,0.0,STILL,IDLE,2,-1,-1,,283,1025,0.02570199966430664
1790595347.041572,0.0,STILL,IDLE,2,-1,-1,,283,1025,0.025409221649169922
1790595347.067017,0.0,STILL,IDLE,2,-1,-1,,283,1025,0.025444984436035156
1790595347.093658,0.0,STILL,IDLE,2,-1,-1,,283,1025,0.026640892028808594
1790595347.1168141,0.0,STILL,IDLE,2,-1,-1,,283,1025,0.023156166076660156
1790595347.141982,0.0,STILL,IDLE,2,-1,-1,,283,1025,0.02516794204711914
1790595347.166978,0.0,STILL,IDLE,2,-1,-1,,283,1025,0.024995803833007812
1790595347.192017,0.0,STILL,IDLE,2,-1,-1,,283,1025,0.025039196014404297
1790595347.2170591,0.0,STILL,IDLE,2,-1,-1,,283,1025,0.025042057037353516
1790595347.242052,0.0,STILL,IDLE,2,-1,-1,,283,1025,0.024992942810058594
1790595347.269114,0.0,STILL,IDLE,2,-1,-1,,283,1025,0.027061939239501953
1790595347.2920551,0.0,STILL,IDLE,2,-1,-1,,283,1025,0.022941112518310547
1790595347.318531,0.0,STILL,IDLE,2,-1,-1,,283,1025,0.026475906372070312
1790595347.343365,0.0,STILL,IDLE,2,-1,-1,,283,1025,0.02483391761779785
1790595347.367916,0.0,STILL,IDLE,3,-1,-1,,283,1025,0.0245511531829834
1790595347.3915029,0.0,STILL,IDLE,3,-1,-1,,283,1025,0.023586750030517578
1790595347.418453,0.0,STILL,IDLE,3,-1,-1,,283,1025,0.02695012092590332
1790595347.4435759,0.0,STILL,IDLE,3,-1,-1,,283,1025,0.025122880935668945
1790595347.466517,0.0,STILL,IDLE,3,-1,-1,,283,1025,0.022941112518310547
1790595347.4916859,0.0,STILL,IDLE,3,-1,-1,,283,1025,0.025168895721435547
1790595347.518801,0.0,STILL,IDLE,3,-1,-1,,283,1025,0.0271151065826416
1790595347.543439,0.0,STILL,IDLE,3,-1,-1,,283,1025,0.024637937545776367
1790595347.572949,0.0,STILL,IDLE,3,-1,-1,,283,1025,0.029510021209716797
1790595347.601632,0.0,STILL,IDLE,3,-1,-1,,283,1025,0.028683185577392578
1790595347.625135,0.0,STILL,IDLE,3,-1,-1,,283,1025,0.023502826690673828
1790595347.652478,0.0,STILL,IDLE,3,-1,-1,,283,1025,0.027343034744262695
1790595347.676516,0.0,STILL,IDLE,3,-1,-1,,283,1025,0.024038076400756836
1790595347.6997352,0.0,STILL,IDLE,3,-1,-1,,283,1025,0.02321910858154297
1790595347.725281,0.0,STILL,IDLE,3,-1,-1,,283,1025,0.025545835494995117
1790595347.752211,0.0,STILL,IDLE,3,-1,-1,,283,1025,0.02693009376525879
1790595347.7786,0.0,STILL,IDLE,3,-1,-1,,283,1025,0.026388883590698242
1790595347.803278,0.0,STILL,IDLE,3,-1,-1,,283,1025,0.02467799186706543
1790595347.8304749,0.0,STILL,IDLE,4,-1,-1,,283,1025,0.027196884155273438
1790595347.857722,0.0,STILL,IDLE,4,-1,-1,,283,1025,0.027247190475463867
1790595347.884564,0.0,STILL,IDLE,4,-1,-1,,283,1025,0.02684187889099121
1790595347.909271,0.0,STILL,IDLE,4,-1,-1,,283,1025,0.02470707893371582
1790595347.937532,0.0,STILL,IDLE,4,-1,-1,,283,1025,0.02826094627380371
1790595347.963749,0.0,STILL,IDLE,4,-1,-1,,283,1025,0.026216983795166016
1790595347.9862509,0.0,STILL,IDLE,4,-1,-1,,283,1025,0.02250194549560547
1790595348.008918,0.0,STILL,IDLE,4,-1,-1,,283,1025,0.02266716957092285
1790595348.031973,0.0,STILL,IDLE,4,-1,-1,,283,1025,0.023054838180541992
1790595348.0588799,0.0,STILL,IDLE,4,-1,-1,,283,1025,0.026906967163085938
1790595348.083675,0.0,STILL,IDLE,4,-1,-1,,283,1025,0.024795055389404297
1790595348.110925,0.0,STILL,IDLE,4,-1,-1,,283,1025,0.027250051498413086
1790595348.134311,0.0,STILL,IDLE,4,-1,-1,,283,1025,0.023386001586914062
1790595348.1624398,0.0,STILL,IDLE,4,-1,-1,,283,1025,0.028128862380981445
1790595348.187515,0.0,STILL,IDLE,4,-1,-1,,283,1025,0.025075197219848633
1790595348.212568,0.0,STILL,IDLE,4,-1,-1,,283,1025,0.025053024291992188
1790595348.238137,0.0,STILL,IDLE,4,-1,-1,,283,1025,0.02556896209716797
1790595348.2649279,0.0,STILL,IDLE,1,-1,-1,,283,1025,0.026790857315063477
1790595348.289108,0.0,STILL,IDLE,1,-1,-1,,283,1025,0.024180173873901367
1790595348.315809,0.0,STILL,IDLE,1,-1,-1,,283,1025,0.026700973510742188
1790595348.34206,0.0,STILL,IDLE,1,-1,-1,,283,1025,0.02625107765197754
1790595348.367535,0.0,STILL,IDLE,1,-1,-1,,283,1025,0.025475025177001953
1790595348.3921618,0.0,STILL,IDLE,1,-1,-1,,283,1025,0.024626731872558594
1790595348.419245,0.0,STILL,IDLE,1,-1,-1,,283,1025,0.027083158493041992
1790595348.4449348,0.0,STILL,IDLE,1,-1,-1,,283,1025,0.02568984031677246
1790595348.467418,0.0,STILL,IDLE,1,-1,-1,,283,1025,0.022483110427856445
1790595348.491852,0.0,STILL,IDLE,1,-1,-1,,283,1025,0.02443408966064453
1790595348.516725,0.0,STILL,IDLE,1,-1,-1,,283,1025,0.024873018264770508
1790595348.539538,0.0,STILL,IDLE,1,-1,-1,,283,1025,0.022812843322753906
1790595348.565069,0.0,STILL,IDLE,1,-1,-1,,283,1025,0.02553105354309082
1790595348.5915608,0.0,STILL,IDLE,1,-1,-1,,283,1025,0.026491880416870117
1790595348.619024,0.0,STILL,IDLE,1,-1,-1,,283,1025,0.027463197708129883
1790595348.649853,0.0,STILL,IDLE,1,-1,-1,,283,1025,0.03082895278930664
1790595348.676855,0.0,STILL,IDLE,1,-1,-1,,283,1025,0.02700209617614746
1790595348.7074618,0.0,STILL,IDLE,1,-1,-1,,283,1025,0.030606746673583984
1790595348.734092,0.0,STILL,IDLE,2,-1,-1,,283,1025,0.026630163192749023
1790595348.7662292,0.0,STILL,IDLE,2,-1,-1,,283,1025,0.032137155532836914
1790595348.792021,0.0,STILL,IDLE,2,-1,-1,,283,1025,0.02579188346862793
1790595348.818085,0.0,STILL,IDLE,2,-1,-1,,283,1025,0.026063919067382812
1790595348.8432689,0.0,STILL,IDLE,2,-1,-1,,283,1025,0.025183916091918945
1790595348.867412,0.0,STILL,IDLE,2,-1,-1,,283,1025,0.024143218994140625
1790595348.890757,0.0,STILL,IDLE,2,-1,-1,,283,1025,0.023344993591308594
1790595348.9142609,0.0,STILL,IDLE,2,-1,-1,,283,1025,0.023503780364990234
1790595348.941591,0.0,STILL,IDLE,2,-1,-1,,283,1025,0.02733016014099121
1790595348.9691548,0.0,STILL,IDLE,2,-1,-1,,283,1025,0.027563810348510742
1790595348.994623,0.0,STILL,IDLE,2,-1,-1,,283,1025,0.025468111038208008
1790595349.019312,0.0,STILL,IDLE,2,-1,-1,,283,1025,0.0246889591217041
1790595349.0435681,0.0,STILL,IDLE,2,-1,-1,,283,1025,0.024256229400634766
1790595349.067291,0.0,STILL,IDLE,2,-1,-1,,283,1025,0.02372288703918457
1790595349.095254,0.0,STILL,IDLE,2,-1,-1,,283,1025,0.027962923049926758
1790595349.1206741,0.0,STILL,IDLE,2,-1,-1,,283,1025,0.025420188903808594
1790595349.145221,0.0,STILL,IDLE,2,-1,-1,,283,1025,0.02454686164855957
1790595349.172138,0.0,STILL,IDLE,3,-1,-1,,283,1025,0.026916980743408203
1790595349.199105,0.0,STILL,IDLE,3,-1,-1,,283,1025,0.02696704864501953
1790595349.2258139,0.0,STILL,IDLE,3,-1,-1,,283,1025,0.02670884132385254
1790595349.252953,0.0,STILL,IDLE,3,-1,-1,,283,1025,0.02713918685913086
1790595349.278039,0.0,STILL,IDLE,3,-1,-1,,283,1025,0.025085926055908203
1790595349.305276,0.0,STILL,IDLE,3,-1,-1,,283,1025,0.0272369384765625
1790595349.329805,0.0,STILL,IDLE,3,-1,-1,,283,1025,0.024528980255126953
1790595349.355892,0.0,STILL,IDLE,3,-1,-1,,283,1025,0.026087045669555664
1790595349.3840342,0.0,STILL,IDLE,3,-1,-1,,283,1025,0.028142213821411133
1790595349.409353,0.0,STILL,IDLE,3,-1,-1,,283,1025,0.02531886100769043
1790595349.435248,0.0,STILL,IDLE,3,-1,-1,,283,1025,0.025894880294799805
1790595349.460989,0.0,STILL,IDLE,3,-1,-1,,283,1025,0.025741100311279297
1790595349.490768,0.0,STILL,IDLE,3,-1,-1,,283,1025,0.02977895736694336
1790595349.5190911,0.0,STILL,IDLE,3,-1,-1,,283,1025,0.02832317352294922
1790595349.543216,0.0,STILL,IDLE,3,-1,-1,,283,1025,0.024124860763549805
1790595349.5675921,0.0,STILL,IDLE,3,-1,-1,,283,1025,0.02437615394592285
1790595349.5915341,0.0,STILL,IDLE,3,-1,-1,,283,1025,0.023941993713378906
1790595349.621249,0.0,STILL,IDLE,4,-1,-1,,283,1025,0.02971482276916504
1790595349.649393,0.0,STILL,IDLE,4,-1,-1,,283,1025,0.028144121170043945
1790595349.6766381,0.0,STILL,IDLE,4,-1,-1,,283,1025,0.027245044708251953
1790595349.701488,0.0,STILL,IDLE,4,-1,-1,,283,1025,0.024849891662597656
1790595349.727655,0.0,STILL,IDLE,4,-1,-1,,283,1025,0.026166915893554688
1790595349.7506928,0.0,STILL,IDLE,4,-1,-1,,283,1025,0.02303791046142578
1790595349.7781749,0.0,STILL,IDLE,4,-1,-1,,283,1025,0.027482032775878906
1790595349.801567,0.0,STILL,IDLE,4,-1,-1,,283,1025,0.023392200469970703
1790595349.8258672,0.0,STILL,IDLE,4,-1,-1,,283,1025,0.024300098419189453
1790595349.85257,0.0,STILL,MOVE,1,-1,-1,,283,1025,0.026702880859375
1790595349.875948,0.0,STILL,MOVE,1,-1,-1,,283,1025,0.02337789535522461
1790595349.908138,0.0,STILL,MOVE,1,-1,-1,,283,1025,0.03219008445739746
1790595349.934531,37.88892502258356,RIGHT,MOVE,1,-1,-1,1,284,1025,0.02639293670654297
1790595349.961628,0.0,STILL,MOVE,1,-1,-1,,284,1025,0.027096986770629883
1790595349.985104,42.596469847460035,RIGHT,MOVE,1,-1,-1,1,285,1025,0.023476123809814453
1790595350.008943,0.0,STILL,MOVE,1,-1,-1,,285,1025,0.02383899688720703
1790595350.0511708,23.681112942930056,RIGHT,MOVE,2,-1,-1,1,286,1025,0.042227745056152344
1790595350.07543,0.0,STILL,MOVE,2,-1,-1,,286,1025,0.024259090423583984
1790595350.101537,0.0,STILL,MOVE,2,-1,-1,,286,1025,0.026107072830200195
1790595350.124543,0.0,STILL,MOVE,2,-1,-1,,286,1025,0.023005962371826172
1790595350.149767,0.0,STILL,MOVE,2,-1,-1,,286,1025,0.025223970413208008
1790595350.176801,0.0,STILL,MOVE,3,-1,-1,,286,1025,0.02703404426574707
1790595350.202553,77.66366699996297,RIGHT,MOVE,3,-1,-1,1,288,1025,0.02575206756591797
1790595350.225655,0.0,STILL,MOVE,3,-1,-1,,288,1025,0.0231020450592041
1790595350.250198,40.74513308723528,RIGHT,MOVE,3,-1,-1,1,289,1025,0.024542808532714844
1790595350.2732081,0.0,STILL,MOVE,3,-1,-1,,289,1025,0.02301025390625
1790595350.2998738,0.0,STILL,MOVE,3,-1,-1,,289,1025,0.026665687561035156
1790595350.324768,40.169938897082766,RIGHT,MOVE,3,-1,-1,1,290,1025,0.024894237518310547
1790595350.3491,0.0,STILL,MOVE,4,-1,-1,,290,1025,0.024332046508789062
1790595350.372841,0.0,STILL,MOVE,4,-1,-1,,290,1025,0.023740768432617188
1790595350.398594,38.83039549696341,RIGHT,MOVE,4,-1,-1,1,291,1025,0.025753021240234375
1790595350.421848,0.0,STILL,MOVE,4,-1,-1,,291,1025,0.0232541561126709
1790595350.448416,0.0,STILL,MOVE,4,-1,-1,,291,1025,0.026567935943603516
1790595350.474551,38.26291302523308,RIGHT,MOVE,4,-1,-1,1,292,1025,0.026134967803955078
1790595350.500873,37.99085169787053,RIGHT,MOVE,5,-1,-1,1,293,1025,0.026322126388549805
1790595350.52788,0.0,STILL,MOVE,5,-1,-1,,293,1025,0.027006864547729492
1790595350.554494,0.0,STILL,MOVE,5,-1,-1,,293,1025,0.026613950729370117
1790595350.580611,38.289110212428,RIGHT,MOVE,5,-1,-1,1,294,1025,0.02611708641052246
1790595350.607366,0.0,STILL,MOVE,5,-1,-1,,294,1025,0.026755094528198242
1790595350.632955,0.0,STILL,MOVE,5,-1,-1,,294,1025,0.0255889892578125
1790595350.655488,44.37947307163263,RIGHT,MOVE,5,-1,-1,1,295,1025,0.022532939910888672
1790595350.6825628,0.0,STILL,MOVE,6,-1,-1,,295,1025,0.027074813842773438
1790595350.706917,41.06064670236615,RIGHT,MOVE,6,-1,-1,1,296,1025,0.024354219436645508
1790595350.733793,0.0,STILL,MOVE,6,-1,-1,,296,1025,0.026875972747802734
1790595350.759234,0.0,STILL,MOVE,6,-1,-1,,296,1025,0.02544093132019043
1790595350.784437,0.0,STILL,MOVE,6,-1,-1,,296,1025,0.02520298957824707
1790595350.810674,38.11409774094469,RIGHT,MOVE,6,-1,-1,1,297,1025,0.026237010955810547
1790595350.839145,0.0,STILL,MOVE,7,-1,-1,,297,1025,0.028470993041992188
1790595350.8615298,44.6730074875651,RIGHT,MOVE,7,-1,-1,1,298,1025,0.0223848819732666
1790595350.88935,0.0,STILL,MOVE,7,-1,-1,,298,1025,0.027820110321044922
1790595350.9185538,0.0,STILL,MOVE,7,-1,-1,,298,1025,0.02920389175415039
1790595350.950274,31.525690748925168,RIGHT,MOVE,7,-1,-1,1,299,1025,0.03172016143798828
1790595350.9762402,0.0,STILL,MOVE,7,-1,-1,,299,1025,0.025966167449951172
1790595351.000839,40.65232856796705,RIGHT,MOVE,8,-1,-1,1,300,1025,0.02459883689880371
1790595351.029014,0.0,STILL,MOVE,8,-1,-1,,300,1025,0.02817511558532715
1790595351.056922,0.0,STILL,MOVE,8,-1,-1,,300,1025,0.027907848358154297
1790595351.084264,36.573660850533216,RIGHT,MOVE,8,-1,-1,1,301,1025,0.02734208106994629
1790595351.107863,0.0,STILL,MOVE,8,-1,-1,,301,1025,0.023598909378051758
1790595351.131316,0.0,STILL,MOVE,1,-1,-1,,301,1025,0.0234529972076416
1790595351.155518,41.3187142280147,RIGHT,MOVE,1,-1,-1,1,302,1025,0.02420210838317871
1790595351.181662,0.0,STILL,MOVE,1,-1,-1,,302,1025,0.026144027709960938
1790595351.204718,0.0,STILL,MOVE,1,-1,-1,,302,1025,0.0230560302734375
1790595351.232236,36.340120258538526,RIGHT,MOVE,1,-1,-1,1,303,1025,0.02751779556274414
1790595351.258247,0.0,STILL,MOVE,1,-1,-1,,303,1025,0.026010990142822266
1790595351.283149,0.0,STILL,MOVE,1,-1,-1,,303,1025,0.0249021053314209
1790595351.310262,36.882729511079845,RIGHT,MOVE,2,-1,-1,1,304,1025,0.027112960815429688
1790595351.334457,0.0,STILL,MOVE,2,-1,-1,,304,1025,0.024194955825805664
1790595351.357343,0.0,STILL,MOVE,2,-1,-1,,304,1025,0.022886037826538086
1790595351.384628,36.65004106883836,RIGHT,MOVE,2,-1,-1,1,305,1025,0.027285099029541016
1790595351.408689,0.0,STILL,MOVE,2,-1,-1,,305,1025,0.024060964584350586
1790595351.434239,0.0,STILL,MOVE,2,-1,-1,,305,1025,0.025549888610839844
1790595351.4727988,25.933668043429872,RIGHT,MOVE,3,-1,-1,1,306,1025,0.038559913635253906
1790595351.4975991,0.0,STILL,MOVE,3,-1,-1,,306,1025,0.02480030059814453
1790595351.521375,42.059544939482365,RIGHT,MOVE,3,-1,-1,1,307,1025,0.023775815963745117
1790595351.547462,0.0,STILL,MOVE,3,-1,-1,,307,1025,0.026087045669555664
1790595351.574734,0.0,STILL,MOVE,3,-1,-1,,307,1025,0.02727198600769043
1790595351.598537,42.01151877560424,RIGHT,MOVE,3,-1,-1,1,308,1025,0.023802995681762695
1790595351.62493,0.0,STILL,MOVE,4,-1,-1,,308,1025,0.02639293670654297
1790595351.652741,0.0,STILL,MOVE,4,-1,-1,,308,1025,0.027811050415039062
1790595351.675822,43.32555857409952,RIGHT,MOVE,4,-1,-1,1,309,1025,0.023081064224243164
1790595351.7000499,0.0,STILL,MOVE,4,-1,-1,,309,1025,0.02422785758972168
1790595351.7262092,0.0,STILL,MOVE,4,-1,-1,,309,1025,0.026159286499023438
1790595351.753145,37.125290988431274,RIGHT,MOVE,4,-1,-1,1,310,1025,0.026935815811157227
1790595351.7828832,0.0,STILL,MOVE,5,-1,-1,,310,1025,0.029738187789916992
1790595351.808192,0.0,STILL,MOVE,5,-1,-1,,310,1025,0.025308847427368164
1790595351.838274,33.24248452521538,RIGHT,MOVE,5,-1,-1,1,311,1025,0.030081987380981445
1790595351.864583,0.0,STILL,MOVE,5,-1,-1,,311,1025,0.02630901336669922
1790595351.8926969,35.56966705676826,RIGHT,MOVE,5,-1,-1,1,312,1025,0.028113842010498047
1790595351.916685,0.0,STILL,MOVE,5,-1,-1,,312,1025,0.02398824691772461
1790595351.941297,0.0,STILL,MOVE,6,-1,-1,,312,1025,0.024611949920654297
1790595351.9696999,35.20778980945186,RIGHT,MOVE,6,-1,-1,1,313,1025,0.02840280532836914
1790595351.998915,34.22887780833544,RIGHT,MOVE,6,-1,-1,1,314,1025,0.029215097427368164
1790595352.025906,0.0,STILL,MOVE,6,-1,-1,,314,1025,0.02699112892150879
1790595352.0529451,0.0,STILL,MOVE,6,-1,-1,,314,1025,0.027039051055908203
1790595352.076239,0.0,STILL,MOVE,6,-1,-1,,314,1025,0.02329397201538086
1790595352.102947,0.0,STILL,MOVE,6,-1,-1,,314,1025,0.026707887649536133
1790595352.1435142,24.65048104330859,RIGHT,MOVE,7,-1,-1,1,315,1025,0.04056715965270996
1790595352.1693559,0.0,STILL,MOVE,7,-1,-1,,315,1025,0.025841712951660156
1790595352.199414,0.0,STILL,MOVE,7,-1,-1,,315,1025,0.03005814552307129
1790595352.2288241,68.00379392809371,RIGHT,MOVE,7,-1,-1,1,317,1025,0.029410123825073242
1790595352.253636,0.0,STILL,MOVE,8,-1,-1,,317,1025,0.024811744689941406
1790595352.275313,0.0,STILL,MOVE,8,-1,-1,,317,1025,0.021677017211914062
1790595352.298415,43.286211131407576,RIGHT,MOVE,8,-1,-1,1,318,1025,0.0231020450592041
1790595352.3264852,0.0,STILL,MOVE,8,-1,-1,,318,1025,0.02807021141052246
1790595352.3531032,37.56855719967038,RIGHT,MOVE,8,-1,-1,1,319,1025,0.026618003845214844
1790595352.3754292,0.0,STILL,MOVE,8,-1,-1,,319,1025,0.022325992584228516
1790595352.398491,0.0,STILL,MOVE,8,-1,-1,,319,1025,0.023061752319335938
1790595352.421988,0.0,STILL,MOVE,1,-1,-1,,319,1025,0.02349710464477539
1790595352.446159,0.0,STILL,MOVE,1,-1,-1,,319,1025,0.024170875549316406
1790595352.469396,43.034392185832715,RIGHT,MOVE,1,-1,-1,1,320,1025,0.023237228393554688
1790595352.494173,0.0,STILL,MOVE,1,-1,-1,,320,1025,0.024776935577392578
1790595352.518532,41.05260891268389,RIGHT,MOVE,1,-1,-1,1,321,1025,0.02435898780822754
1790595352.545047,0.0,STILL,MOVE,1,-1,-1,,321,1025,0.02651500701904297
1790595352.571795,37.386053891201456,RIGHT,MOVE,1,-1,-1,1,322,1025,0.026747941970825195
1790595352.5985088,0.0,STILL,MOVE,2,-1,-1,,322,1025,0.026713848114013672
1790595352.625412,0.0,STILL,MOVE,2,-1,-1,,322,1025,0.026903152465820312
1790595352.651218,38.75075297030618,RIGHT,MOVE,2,-1,-1,1,323,1025,0.025805950164794922
1790595352.67503,0.0,STILL,MOVE,2,-1,-1,,323,1025,0.023812055587768555
1790595352.701453,0.0,STILL,MOVE,2,-1,-1,,323,1025,0.026422977447509766
1790595352.727631,0.0,STILL,MOVE,3,-1,-1,,323,1025,0.02617812156677246
1790595352.75545,35.946760826527026,RIGHT,MOVE,3,-1,-1,1,324,1025,0.027818918228149414
1790595352.781028,0.0,STILL,MOVE,3,-1,-1,,324,1025,0.025578022003173828
1790595352.804441,0.0,STILL,MOVE,3,-1,-1,,324,1025,0.02341294288635254
1790595352.83125,37.30093823647116,RIGHT,MOVE,3,-1,-1,1,325,1025,0.026808977127075195
1790595352.857964,0.0,STILL,MOVE,3,-1,-1,,325,1025,0.026714086532592773
1790595352.883863,38.61162867768899,RIGHT,MOVE,3,-1,-1,1,326,1025,0.02589893341064453
1790595352.910773,0.0,STILL,MOVE,4,-1,-1,,326,1025,0.026910066604614258
1790595352.9377952,0.0,STILL,MOVE,4,-1,-1,,326,1025,0.027022123336791992
1790595352.964394,37.5954967552257,RIGHT,MOVE,4,-1,-1,1,327,1025,0.02659893035888672
1790595352.991603,0.0,STILL,MOVE,4,-1,-1,,327,1025,0.027208805084228516
1790595353.017137,0.0,STILL,MOVE,4,-1,-1,,327,1025,0.02553415298461914
1790595353.042151,0.0,STILL,IDLE,1,-1,-1,,327,1025,0.02501392364501953
1790595353.067037,0.0,STILL,IDLE,1,-1,-1,,327,1025,0.024886131286621094
1790595353.092132,0.0,STILL,IDLE,1,-1,-1,,327,1025,0.025094985961914062
1790595353.118927,0.0,STILL,IDLE,1,-1,-1,,327,1025,0.026794910430908203
1790595353.146072,0.0,STILL,IDLE,1,-1,-1,,327,1025,0.027144908905029297
1790595353.170021,0.0,STILL,IDLE,1,-1,-1,,327,1025,0.023949146270751953
1790595353.194038,0.0,STILL,IDLE,1,-1,-1,,327,1025,0.024016857147216797
1790595353.2170892,0.0,STILL,IDLE,1,-1,-1,,327,1025,0.02305126190185547
1790595353.243017,0.0,STILL,IDLE,1,-1,-1,,327,1025,0.02592778205871582
1790595353.266582,0.0,STILL,IDLE,1,-1,-1,,327,1025,0.023565053939819336
1790595353.292306,0.0,STILL,IDLE,1,-1,-1,,327,1025,0.025723934173583984
1790595353.314512,0.0,STILL,IDLE,1,-1,-1,,327,1025,0.02220606803894043
1790595353.341018,0.0,STILL,IDLE,1,-1,-1,,327,1025,0.02650594711303711
1790595353.36372,0.0,STILL,IDLE,1,-1,-1,,327,1025,0.02270197868347168
1790595353.390366,0.0,STILL,IDLE,1,-1,-1,,327,1025,0.026646137237548828
1790595353.4162989,0.0,STILL,IDLE,1,-1,-1,,327,1025,0.025932788848876953
1790595353.4420362,0.0,STILL,IDLE,1,-1,-1,,327,1025,0.025737285614013672
1790595353.464355,0.0,STILL,IDLE,1,-1,-1,,327,1025,0.02231884002685547
1790595353.492115,0.0,STILL,IDLE,2,-1,-1,,327,1025,0.027760028839111328
1790595353.518394,0.0,STILL,IDLE,2,-1,-1,,327,1025,0.026278972625732422
1790595353.5437222,0.0,STILL,IDLE,2,-1,-1,,327,1025,0.02532815933227539
1790595353.571456,0.0,STILL,IDLE,2,-1,-1,,327,1025,0.027733802795410156
1790595353.601131,0.0,STILL,IDLE,2,-1,-1,,327,1025,0.029675006866455078
1790595353.630137,0.0,STILL,IDLE,2,-1,-1,,327,1025,0.029006004333496094
1790595353.653831,0.0,STILL,IDLE,2,-1,-1,,327,1025,0.02369403839111328
1790595353.681118,0.0,STILL,IDLE,2,-1,-1,,327,1025,0.027287006378173828
1790595353.707922,0.0,STILL,IDLE,2,-1,-1,,327,1025,0.026803970336914062
1790595353.734484,0.0,STILL,IDLE,2,-1,-1,,327,1025,0.026561975479125977
1790595353.759601,0.0,STILL,IDLE,2,-1,-1,,327,1025,0.025117158889770508
1790595353.783928,0.0,STILL,IDLE,2,-1,-1,,327,1025,0.024326801300048828
1790595353.8092608,0.0,STILL,IDLE,2,-1,-1,,327,1025,0.025332927703857422
1790595353.8381581,0.0,STILL,IDLE,2,-1,-1,,327,1025,0.02889728546142578
1790595353.866703,0.0,STILL,IDLE,2,-1,-1,,327,1025,0.028544902801513672
1790595353.895534,0.0,STILL,IDLE,2,-1,-1,,327,1025,0.028831005096435547
1790595353.923837,0.0,STILL,IDLE,2,-1,-1,,327,1025,0.028302907943725586
1790595353.950904,0.0,STILL,IDLE,3,-1,-1,,327,1025,0.027066946029663086
1790595353.9805841,0.0,STILL,IDLE,3,-1,-1,,327,1025,0.029680252075195312
1790595354.00486,0.0,STILL,IDLE,3,-1,-1,,327,1025,0.024275779724121094
1790595354.0284271,0.0,STILL,IDLE,3,-1,-1,,327,1025,0.02356719970703125
1790595354.051746,0.0,STILL,IDLE,3,-1,-1,,327,1025,0.023318767547607422
1790595354.074944,0.0,STILL,IDLE,3,-1,-1,,327,1025,0.02319812774658203
1790595354.10152,0.0,STILL,IDLE,3,-1,-1,,327,1025,0.02657604217529297
1790595354.127015,0.0,STILL,IDLE,3,-1,-1,,327,1025,0.025495052337646484
1790595354.151643,0.0,STILL,IDLE,3,-1,-1,,327,1025,0.0246279239654541
1790595354.175709,0.0,STILL,IDLE,3,-1,-1,,327,1025,0.02406597137451172
1790595354.202612,0.0,STILL,IDLE,3,-1,-1,,327,1025,0.02690291404724121
1790595354.229748,0.0,STILL,IDLE,3,-1,-1,,327,1025,0.02713608741760254
1790595354.2566218,0.0,STILL,IDLE,3,-1,-1,,327,1025,0.02687382698059082
1790595354.281097,0.0,STILL,IDLE,3,-1,-1,,327,1025,0.02447509765625
1790595354.30655,0.0,STILL,IDLE,3,-1,-1,,327,1025,0.02545309066772461
1790595354.3304791,0.0,STILL,IDLE,3,-1,-1,,327,1025,0.023929119110107422
1790595354.356388,0.0,STILL,IDLE,3,-1,-1,,327,1025,0.025908946990966797
1790595354.381654,0.0,STILL,IDLE,4,-1,-1,,327,1025,0.025265932083129883
1790595354.408424,0.0,STILL,IDLE,4,-1,-1,,327,1025,0.02676987648010254
1790595354.431021,0.0,STILL,IDLE,4,-1,-1,,327,1025,0.022597074508666992
1790595354.453189,0.0,STILL,IDLE,4,-1,-1,,327,1025,0.02216792106628418
1790595354.48032,0.0,STILL,IDLE,4,-1,-1,,327,1025,0.027131080627441406
1790595354.506761,0.0,STILL,IDLE,4,-1,-1,,327,1025,0.026441097259521484
1790595354.5300078,0.0,STILL,IDLE,4,-1,-1,,327,1025,0.02324676513671875
1790595354.555695,0.0,STILL,IDLE,4,-1,-1,,327,1025,0.025687217712402344
1790595354.582792,0.0,STILL,IDLE,4,-1,-1,,327,1025,0.027096986770629883
1790595354.607883,0.0,STILL,IDLE,4,-1,-1,,327,1025,0.025090932846069336
1790595354.634606,0.0,STILL,IDLE,4,-1,-1,,327,1025,0.02672290802001953
1790595354.656927,0.0,STILL,IDLE,4,-1,-1,,327,1025,0.022321224212646484
1790595354.679234,0.0,STILL,IDLE,4,-1,-1,,327,1025,0.02230691909790039
1790595354.701721,0.0,STILL,IDLE,4,-1,-1,,327,1025,0.02248692512512207
1790595354.725313,0.0,STILL,IDLE,4,-1,-1,,327,1025,0.023591995239257812
1790595354.7494678,0.0,STILL,IDLE,4,-1,-1,,327,1025,0.0241549015045166
1790595354.774663,0.0,STILL,IDLE,4,-1,-1,,327,1025,0.02519512176513672
1790595354.800887,0.0,STILL,IDLE,4,-1,-1,,327,1025,0.026224136352539062
1790595354.8280082,0.0,STILL,IDLE,1,-1,-1,,327,1025,0.02712106704711914
1790595354.853018,0.0,STILL,IDLE,1,-1,-1,,327,1025,0.025009870529174805
1790595354.875616,0.0,STILL,IDLE,1,-1,-1,,327,1025,0.0225980281829834
1790595354.9003758,0.0,STILL,IDLE,1,-1,-1,,327,1025,0.024759769439697266
1790595354.928096,0.0,STILL,IDLE,1,-1,-1,,327,1025,0.027720212936401367
1790595354.955062,0.0,STILL,IDLE,1,-1,-1,,327,1025,0.026965856552124023
1790595354.9791842,0.0,STILL,IDLE,1,-1,-1,,327,1025,0.024122238159179688
1790595355.006538,0.0,STILL,IDLE,1,-1,-1,,327,1025,0.027353763580322266
1790595355.0304089,0.0,STILL,IDLE,1,-1,-1,,327,1025,0.02387094497680664
1790595355.055716,0.0,STILL,IDLE,1,-1,-1,,327,1025,0.025307178497314453
1790595355.078465,0.0,STILL,IDLE,1,-1,-1,,327,1025,0.022748947143554688
1790595355.105216,0.0,STILL,IDLE,1,-1,-1,,327,1025,0.026751041412353516
1790595355.132098,0.0,STILL,IDLE,1,-1,-1,,327,1025,0.026881933212280273
1790595355.158541,0.0,STILL,IDLE,1,-1,-1,,327,1025,0.026443004608154297
1790595355.185143,0.0,STILL,IDLE,1,-1,-1,,327,1025,0.02660202980041504
1790595355.209391,0.0,STILL,IDLE,1,-1,-1,,327,1025,0.024248123168945312
1790595355.235291,0.0,STILL,IDLE,1,-1,-1,,327,1025,0.025899887084960938
1790595355.262826,0.0,STILL,IDLE,1,-1,-1,,327,1025,0.027534961700439453
1790595355.288508,0.0,STILL,IDLE,2,-1,-1,,327,1025,0.02568197250366211
1790595355.312788,0.0,STILL,IDLE,2,-1,-1,,327,1025,0.024280071258544922
1790595355.336083,0.0,STILL,IDLE,2,-1,-1,,327,1025,0.023294925689697266
1790595355.361999,0.0,STILL,IDLE,2,-1,-1,,327,1025,0.025916099548339844
1790595355.387967,0.0,STILL,IDLE,2,-1,-1,,327,1025,0.025968074798583984
1790595355.4121032,0.0,STILL,IDLE,2,-1,-1,,327,1025,0.024136066436767578
1790595355.435971,0.0,STILL,IDLE,2,-1,-1,,327,1025,0.02386784553527832
1790595355.466433,0.0,STILL,IDLE,2,-1,-1,,327,1025,0.030462026596069336
1790595355.492599,0.0,STILL,IDLE,2,-1,-1,,327,1025,0.02616596221923828
1790595355.51822,0.0,STILL,IDLE,2,-1,-1,,327,1025,0.02562093734741211
1790595355.548384,0.0,STILL,IDLE,2,-1,-1,,327,1025,0.030164003372192383
1790595355.5742412,0.0,STILL,IDLE,2,-1,-1,,327,1025,0.025857210159301758
1790595355.600244,0.0,STILL,IDLE,2,-1,-1,,327,1025,0.026002883911132812
1790595355.626401,0.0,STILL,IDLE,2,-1,-1,,327,1025,0.026156902313232422
1790595355.653156,0.0,STILL,IDLE,2,-1,-1,,327,1025,0.026755094528198242
1790595355.682345,0.0,STILL,IDLE,2,-1,-1,,327,1025,0.029188871383666992
1790595355.709754,0.0,STILL,IDLE,2,-1,-1,,327,1025,0.027409076690673828
1790595355.734621,0.0,STILL,IDLE,3,-1,-1,,327,1025,0.02486705780029297
1790595355.759351,0.0,STILL,IDLE,3,-1,-1,,327,1025,0.02472996711730957
1790595355.787277,0.0,STILL,IDLE,3,-1,-1,,327,1025,0.027925968170166016
1790595355.813528,0.0,STILL,IDLE,3,-1,-1,,327,1025,0.02625107765197754
1790595355.8407369,0.0,STILL,IDLE,3,-1,-1,,327,1025,0.027208805084228516
1790595355.869705,0.0,STILL,IDLE,3,-1,-1,,327,1025,0.028968095779418945
1790595355.89801,0.0,STILL,IDLE,3,-1,-1,,327,1025,0.0283050537109375
1790595355.9254599,0.0,STILL,IDLE,3,-1,-1,,327,1025,0.027449846267700195
1790595355.9510322,0.0,STILL,IDLE,3,-1,-1,,327,1025,0.02557229995727539
1790595355.976684,0.0,STILL,IDLE,3,-1,-1,,327,1025,0.025651931762695312
1790595356.0049891,0.0,STILL,IDLE,3,-1,-1,,327,1025,0.0283050537109375
1790595356.030212,0.0,STILL,IDLE,3,-1,-1,,327,1025,0.0252227783203125
1790595356.055546,0.0,STILL,IDLE,3,-1,-1,,327,1025,0.02533411979675293
1790595356.082576,0.0,STILL,IDLE,3,-1,-1,,327,1025,0.027029991149902344
1790595356.1091862,0.0,STILL,IDLE,3,-1,-1,,327,1025,0.026610136032104492
1790595356.1336122,0.0,STILL,IDLE,3,-1,-1,,327,1025,0.024425983428955078
1790595356.1609368,0.0,STILL,IDLE,3,-1,-1,,327,1025,0.027324676513671875
1790595356.1832051,0.0,STILL,IDLE,4,-1,-1,,327,1025,0.022268295288085938
1790595356.210149,0.0,STILL,IDLE,4,-1,-1,,327,1025,0.02694392204284668
1790595356.236432,0.0,STILL,IDLE,4,-1,-1,,327,1025,0.02628302574157715
1790595356.263453,0.0,STILL,IDLE,4,-1,-1,,327,1025,0.027020931243896484
1790595356.289262,0.0,STILL,IDLE,4,-1,-1,,327,1025,0.025809049606323242
1790595356.313743,0.0,STILL,IDLE,4,-1,-1,,327,1025,0.02448105812072754
1790595356.3400722,0.0,STILL,IDLE,4,-1,-1,,327,1025,0.02632904052734375
1790595356.367883,0.0,STILL,IDLE,4,-1,-1,,327,1025,0.02781081199645996
1790595356.3920112,0.0,STILL,IDLE,4,-1,-1,,327,1025,0.024128198623657227
1790595356.415736,0.0,STILL,IDLE,4,-1,-1,,327,1025,0.023724794387817383
1790595356.4416351,0.0,STILL,IDLE,4,-1,-1,,327,1025,0.025899171829223633
1790595356.4679952,0.0,STILL,IDLE,4,-1,-1,,327,1025,0.026360034942626953
1790595356.4928842,0.0,STILL,IDLE,4,-1,-1,,327,1025,0.024888992309570312
1790595356.516539,0.0,STILL,IDLE,4,-1,-1,,327,1025,0.023654937744140625
1790595356.543035,0.0,STILL,IDLE,4,-1,-1,,327,1025,0.026495933532714844
1790595356.5725322,0.0,STILL,IDLE,4,-1,-1,,327,1025,0.029497146606445312
1790595356.6009989,0.0,STILL,IDLE,4,-1,-1,,327,1025,0.02846670150756836
1790595356.625113,0.0,STILL,IDLE,4,-1,-1,,327,1025,0.024114131927490234
1790595356.6503968,0.0,STILL,IDLE,1,-1,-1,,327,1025,0.0252838134765625
1790595356.6753879,0.0,STILL,IDLE,1,-1,-1,,327,1025,0.02499103546142578
1790595356.703327,0.0,STILL,IDLE,1,-1,-1,,327,1025,0.0279390811920166
1790595356.731182,0.0,STILL,IDLE,1,-1,-1,,327,1025,0.02785515785217285
1790595356.753666,0.0,STILL,IDLE,1,-1,-1,,327,1025,0.02248382568359375
1790595356.777439,0.0,STILL,IDLE,1,-1,-1,,327,1025,0.023773193359375
1790595356.8142772,0.0,STILL,IDLE,1,-1,-1,,327,1025,0.03683805465698242
1790595356.8459191,0.0,STILL,IDLE,1,-1,-1,,327,1025,0.03164196014404297
1790595356.8682399,0.0,STILL,IDLE,1,-1,-1,,327,1025,0.02232074737548828
1790595356.895391,0.0,STILL,IDLE,1,-1,-1,,327,1025,0.027151107788085938
1790595356.91963,0.0,STILL,IDLE,1,-1,-1,,327,1025,0.024239063262939453
1790595356.962023,0.0,STILL,IDLE,1,-1,-1,,327,1025,0.04239296913146973
1790595357.003742,0.0,STILL,IDLE,1,-1,-1,,327,1025,0.04171895980834961
1790595357.029917,0.0,STILL,IDLE,1,-1,-1,,327,1025,0.02617502212524414
1790595357.054724,0.0,STILL,IDLE,1,-1,-1,,327,1025,0.024806976318359375
1790595357.0808759,0.0,STILL,IDLE,1,-1,-1,,327,1025,0.02615189552307129
1790595357.106831,0.0,STILL,IDLE,2,-1,-1,,327,1025,0.0259552001953125
1790595357.13184,0.0,STILL,IDLE,2,-1,-1,,327,1025,0.0250089168548584
1790595357.156044,0.0,STILL,IDLE,2,-1,-1,,327,1025,0.024204015731811523
1790595357.17985,0.0,STILL,IDLE,2,-1,-1,,327,1025,0.023806095123291016
1790595357.2064772,0.0,STILL,IDLE,2,-1,-1,,327,1025,0.026627063751220703
1790595357.230291,0.0,STILL,IDLE,2,-1,-1,,327,1025,0.023813724517822266
1790595357.2553601,0.0,STILL,IDLE,2,-1,-1,,327,1025,0.025069236755371094
1790595357.284068,0.0,STILL,IDLE,2,-1,-1,,327,1025,0.02870798110961914
1790595357.3068938,0.0,STILL,IDLE,2,-1,-1,,327,1025,0.02282571792602539
1790595357.332319,0.0,STILL,IDLE,2,-1,-1,,327,1025,0.025425195693969727
1790595357.358955,0.0,STILL,IDLE,2,-1,-1,,327,1025,0.02663588523864746
1790595357.38399,0.0,STILL,IDLE,2,-1,-1,,327,1025,0.02503514289855957
1790595357.411549,0.0,STILL,IDLE,2,-1,-1,,327,1025,0.02755904197692871
1790595357.4345942,0.0,STILL,IDLE,2,-1,-1,,327,1025,0.023045063018798828
1790595357.458514,0.0,STILL,IDLE,2,-1,-1,,327,1025,0.02391982078552246
1790595357.484041,0.0,STILL,IDLE,2,-1,-1,,327,1025,0.025527000427246094
1790595357.507289,0.0,STILL,IDLE,2,-1,-1,,327,1025,0.023247957229614258
1790595357.534189,0.0,STILL,IDLE,3,-1,-1,,327,1025,0.026900053024291992
1790595357.559811,0.0,STILL,IDLE,3,-1,-1,,327,1025,0.025622129440307617
1790595357.585444,0.0,STILL,IDLE,3,-1,-1,,327,1025,0.025632858276367188
1790595357.609383,0.0,STILL,IDLE,3,-1,-1,,327,1025,0.023939132690429688
1790595357.637352,0.0,STILL,IDLE,3,-1,-1,,327,1025,0.027968883514404297
1790595357.663521,0.0,STILL,IDLE,3,-1,-1,,327,1025,0.0261690616607666
1790595357.6921902,0.0,STILL,IDLE,3,-1,-1,,327,1025,0.028669118881225586
1790595357.717266,0.0,STILL,IDLE,3,-1,-1,,327,1025,0.025075912475585938
1790595357.746039,0.0,STILL,IDLE,3,-1,-1,,327,1025,0.028772830963134766
1790595357.7744389,0.0,STILL,IDLE,3,-1,-1,,327,1025,0.028399944305419922
1790595357.7998018,0.0,STILL,IDLE,3,-1,-1,,327,1025,0.02536296844482422
1790595357.823283,0.0,STILL,IDLE,3,-1,-1,,327,1025,0.023481130599975586
1790595357.850744,0.0,STILL,IDLE,3,-1,-1,,327,1025,0.02746105194091797
1790595357.8804421,0.0,STILL,IDLE,3,-1,-1,,327,1025,0.02969813346862793
1790595357.905675,0.0,STILL,IDLE,3,-1,-1,,327,1025,0.025232791900634766
1790595357.9329019,0.0,STILL,IDLE,3,-1,-1,,327,1025,0.027226924896240234
1790595357.967494,0.0,STILL,IDLE,3,-1,-1,,327,1025,0.0345921516418457
1790595357.990485,0.0,STILL,IDLE,4,-1,-1,,327,1025,0.022990942001342773
1790595358.016649,0.0,STILL,IDLE,4,-1,-1,,327,1025,0.02616405487060547
1790595358.0424252,0.0,STILL,IDLE,4,-1,-1,,327,1025,0.025776147842407227
1790595358.0678802,0.0,STILL,IDLE,4,-1,-1,,327,1025,0.025454998016357422
1790595358.09411,0.0,STILL,IDLE,4,-1,-1,,327,1025,0.0262298583984375
1790595358.11726,0.0,STILL,IDLE,4,-1,-1,,327,1025,0.023149967193603516
1790595358.144067,0.0,STILL,IDLE,4,-1,-1,,327,1025,0.026807069778442383
1790595358.170909,0.0,STILL,IDLE,4,-1,-1,,327,1025,0.02684187889099121
1790595358.197822,0.0,STILL,IDLE,4,-1,-1,,327,1025,0.026913166046142578
1790595358.2248669,0.0,STILL,IDLE,4,-1,-1,,327,1025,0.02704477310180664
1790595358.253263,0.0,STILL,IDLE,4,-1,-1,,327,1025,0.028396129608154297
1790595358.2761889,0.0,STILL,IDLE,4,-1,-1,,327,1025,0.022925853729248047
1790595358.3003259,0.0,STILL,IDLE,4,-1,-1,,327,1025,0.024137020111083984
1790595358.326858,0.0,STILL,IDLE,4,-1,-1,,327,1025,0.02653217315673828
1790595358.351091,0.0,STILL,IDLE,4,-1,-1,,327,1025,0.024232864379882812
1790595358.3732371,0.0,STILL,IDLE,4,-1,-1,,327,1025,0.022146224975585938
1790595358.3997688,0.0,STILL,IDLE,4,-1,-1,,327,1025,0.026531696319580078
1790595358.4233809,0.0,STILL,IDLE,4,-1,-1,,327,1025,0.023612022399902344
1790595358.4481568,0.0,STILL,IDLE,1,-1,-1,,327,1025,0.024775981903076172
1790595358.471015,0.0,STILL,IDLE,1,-1,-1,,327,1025,0.022858142852783203
1790595358.498287,0.0,STILL,IDLE,1,-1,-1,,327,1025,0.02727198600769043
1790595358.525886,0.0,STILL,IDLE,1,-1,-1,,327,1025,0.027599096298217773
1790595358.555815,0.0,STILL,IDLE,1,-1,-1,,327,1025,0.029928922653198242
1790595358.5782862,0.0,STILL,IDLE,1,-1,-1,,327,1025,0.022471189498901367
1790595358.6063418,0.0,STILL,IDLE,1,-1,-1,,327,1025,0.028055667877197266
1790595358.634643,0.0,STILL,IDLE,1,-1,-1,,327,1025,0.028301239013671875
1790595358.6594892,0.0,STILL,IDLE,1,-1,-1,,327,1025,0.02484607696533203
1790595358.684104,0.0,STILL,IDLE,1,-1,-1,,327,1025,0.024614810943603516
1790595358.711179,0.0,STILL,IDLE,1,-1,-1,,327,1025,0.02707505226135254
1790595358.7343059,0.0,STILL,IDLE,1,-1,-1,,327,1025,0.023126840591430664
1790595358.759541,0.0,STILL,IDLE,1,-1,-1,,327,1025,0.02523517608642578
1790595358.784011,0.0,STILL,IDLE,1,-1,-1,,327,1025,0.024469852447509766
1790595358.809207,0.0,STILL,IDLE,1,-1,-1,,327,1025,0.025196075439453125
1790595358.8360171,0.0,STILL,IDLE,1,-1,-1,,327,1025,0.026810169219970703
1790595358.8629122,0.0,STILL,IDLE,1,-1,-1,,327,1025,0.02689504623413086
1790595358.886524,0.0,STILL,IDLE,2,-1,-1,,327,1025,0.023611783981323242
1790595358.9094791,0.0,STILL,IDLE,2,-1,-1,,327,1025,0.02295517921447754
1790595358.938206,0.0,STILL,IDLE,2,-1,-1,,327,1025,0.028726816177368164
1790595358.961738,0.0,STILL,IDLE,2,-1,-1,,327,1025,0.02353215217590332
1790595358.991232,0.0,STILL,IDLE,2,-1,-1,,327,1025,0.02949380874633789
1790595359.025113,0.0,STILL,IDLE,2,-1,-1,,327,1025,0.033881187438964844
1790595359.0487928,0.0,STILL,IDLE,2,-1,-1,,327,1025,0.023679733276367188
1790595359.076167,0.0,STILL,IDLE,2,-1,-1,,327,1025,0.027374267578125
1790595359.1013498,0.0,STILL,IDLE,2,-1,-1,,327,1025,0.025182723999023438
1790595359.130316,0.0,STILL,IDLE,2,-1,-1,,327,1025,0.028966188430786133
1790595359.1526442,0.0,STILL,IDLE,2,-1,-1,,327,1025,0.02232813835144043
1790595359.1772761,0.0,STILL,IDLE,2,-1,-1,,327,1025,0.024631977081298828
1790595359.199452,0.0,STILL,IDLE,2,-1,-1,,327,1025,0.02217578887939453
1790595359.228006,0.0,STILL,IDLE,2,-1,-1,,327,1025,0.02855396270751953
1790595359.257642,0.0,STILL,IDLE,2,-1,-1,,327,1025,0.029636144638061523
1790595359.284719,0.0,STILL,IDLE,2,-1,-1,,327,1025,0.02707695960998535
1790595359.310379,0.0,STILL,IDLE,2,-1,-1,,327,1025,0.025660037994384766
1790595359.33293,0.0,STILL,IDLE,3,-1,-1,,327,1025,0.02255105972290039
1790595359.3596802,37.38305495641634,RIGHT,MOVE,1,-1,-1,1,328,1025,0.02675008773803711
1790595359.3835301,41.92878421336746,RIGHT,MOVE,1,-1,-1,1,329,1025,0.023849964141845703
1790595359.4106169,0.0,STILL,MOVE,1,-1,-1,,329,1025,0.027086734771728516
1790595359.4340959,0.0,STILL,MOVE,1,-1,-1,,329,1025,0.023478984832763672
1790595359.456826,43.99450370789935,RIGHT,MOVE,1,-1,-1,1,330,1025,0.022730112075805664
1790595359.4816961,0.0,STILL,MOVE,1,-1,-1,,330,1025,0.02487015724182129
1790595359.50876,0.0,STILL,MOVE,1,-1,-1,,330,1025,0.027063846588134766
1790595359.534174,39.34840610165676,RIGHT,MOVE,2,-1,-1,1,331,1025,0.025413990020751953
1790595359.5616112,0.0,STILL,MOVE,2,-1,-1,,331,1025,0.027437210083007812
1790595359.583829,0.0,STILL,MOVE,2,-1,-1,,331,1025,0.022217750549316406
1790595359.609435,39.053109869646185,RIGHT,MOVE,2,-1,-1,1,332,1025,0.025606155395507812
1790595359.633075,0.0,STILL,MOVE,2,-1,-1,,332,1025,0.023639917373657227
1790595359.6594028,0.0,STILL,MOVE,2,-1,-1,,332,1025,0.026327848434448242
1790595359.685488,38.33600526464916,RIGHT,MOVE,3,-1,-1,1,333,1025,0.02608513832092285
1790595359.711642,0.0,STILL,MOVE,3,-1,-1,,333,1025,0.026154041290283203
1790595359.735141,0.0,STILL,MOVE,3,-1,-1,,333,1025,0.023499011993408203
1790595359.7622929,36.8299394993107,RIGHT,MOVE,3,-1,-1,1,334,1025,0.027151823043823242
1790595359.7902389,0.0,STILL,MOVE,3,-1,-1,,334,1025,0.027945995330810547
1790595359.8138251,0.0,STILL,MOVE,3,-1,-1,,334,1025,0.023586273193359375
1790595359.859163,22.056594149168337,RIGHT,MOVE,4,-1,-1,1,335,1025,0.04533791542053223
1790595359.884723,39.12378038542619,RIGHT,MOVE,4,-1,-1,1,336,1025,0.02555990219116211
1790595359.9087749,0.0,STILL,MOVE,4,-1,-1,,336,1025,0.024051904678344727
1790595359.9323192,0.0,STILL,MOVE,4,-1,-1,,336,1025,0.0235443115234375
1790595359.959642,0.0,STILL,MOVE,4,-1,-1,,336,1025,0.027322769165039062
1790595359.9842548,0.0,STILL,MOVE,4,-1,-1,,336,1025,0.024612903594970703
1790595360.054359,14.26449642563206,RIGHT,MOVE,5,-1,-1,1,337,1025,0.07010412216186523
1790595360.079937,39.09606457746873,RIGHT,MOVE,5,-1,-1,1,338,1025,0.025578022003173828
1790595360.1050959,39.74739395777264,RIGHT,MOVE,5,-1,-1,1,339,1025,0.02515888214111328
1790595360.1323838,0.0,STILL,MOVE,5,-1,-1,,339,1025,0.027287960052490234
1790595360.159814,0.0,STILL,MOVE,5,-1,-1,,339,1025,0.027430057525634766
1790595360.185782,38.508823151361575,RIGHT,MOVE,6,-1,-1,1,340,1025,0.025968074798583984
1790595360.213367,0.0,STILL,MOVE,6,-1,-1,,340,1025,0.02758502960205078
1790595360.23601,0.0,STILL,MOVE,6,-1,-1,,340,1025,0.022643089294433594
1790595360.26355,36.31086216897092,RIGHT,MOVE,6,-1,-1,1,341,1025,0.027539968490600586
1790595360.291048,0.0,STILL,MOVE,6,-1,-1,,341,1025,0.02749800682067871
1790595360.318388,36.57653132412446,RIGHT,MOVE,7,-1,-1,1,342,1025,0.027339935302734375
1790595360.346961,0.0,STILL,MOVE,7,-1,-1,,342,1025,0.028573036193847656
1790595360.370249,0.0,STILL,MOVE,7,-1,-1,,342,1025,0.02328801155090332
1790595360.3997269,33.9237942720339,RIGHT,MOVE,7,-1,-1,1,343,1025,0.029477834701538086
1790595360.4236012,0.0,STILL,MOVE,7,-1,-1,,343,1025,0.023874282836914062
1790595360.451201,0.0,STILL,MOVE,7,-1,-1,,343,1025,0.027599811553955078
1790595360.4764729,39.569652257589766,RIGHT,MOVE,7,-1,-1,1,344,1025,0.025271892547607422
1790595360.5039148,0.0,STILL,MOVE,8,-1,-1,,344,1025,0.027441978454589844
1790595360.527724,0.0,STILL,MOVE,8,-1,-1,,344,1025,0.023809194564819336
1790595360.55948,31.490187245671727,RIGHT,MOVE,8,-1,-1,1,345,1025,0.031755924224853516
1790595360.5870929,0.0,STILL,MOVE,8,-1,-1,,345,1025,0.027612924575805664
1790595360.6147408,36.169017971094476,RIGHT,MOVE,8,-1,-1,1,346,1025,0.027647972106933594
1790595360.642137,0.0,STILL,MOVE,1,-1,-1,,346,1025,0.027396202087402344
1790595360.667873,0.0,STILL,MOVE,1,-1,-1,,346,1025,0.025735855102539062
1790595360.691808,41.77968144554791,RIGHT,MOVE,1,-1,-1,1,347,1025,0.02393507957458496
1790595360.7206001,0.0,STILL,MOVE,1,-1,-1,,347,1025,0.028792142868041992
1790595360.746656,0.0,STILL,MOVE,1,-1,-1,,347,1025,0.02605581283569336
1790595360.7741961,36.31054782187132,RIGHT,MOVE,1,-1,-1,1,348,1025,0.027540206909179688
1790595360.8000422,0.0,STILL,MOVE,2,-1,-1,,348,1025,0.025846004486083984
1790595360.832694,0.0,STILL,MOVE,2,-1,-1,,348,1025,0.03265190124511719
1790595360.8591208,37.84038541347143,RIGHT,MOVE,2,-1,-1,1,349,1025,0.02642679214477539
1790595360.884447,0.0,STILL,MOVE,2,-1,-1,,349,1025,0.025326251983642578
1790595360.9119558,36.35208875021667,RIGHT,MOVE,2,-1,-1,1,350,1025,0.02750873565673828
1790595360.941146,0.0,STILL,MOVE,2,-1,-1,,350,1025,0.0291900634765625
1790595360.967989,0.0,STILL,MOVE,3,-1,-1,,350,1025,0.02684307098388672
1790595360.9919848,41.67382707708205,RIGHT,MOVE,3,-1,-1,1,351,1025,0.02399587631225586
1790595361.017857,0.0,STILL,MOVE,3,-1,-1,,351,1025,0.025872230529785156
1790595361.0425758,0.0,STILL,MOVE,3,-1,-1,,351,1025,0.024718761444091797
1790595361.069281,37.44579948218909,RIGHT,MOVE,3,-1,-1,1,352,1025,0.026705265045166016
1790595361.094122,0.0,STILL,MOVE,3,-1,-1,,352,1025,0.024840831756591797
1790595361.12541,31.96098512557913,RIGHT,MOVE,4,-1,-1,1,353,1025,0.03128814697265625
1790595361.153273,0.0,STILL,MOVE,4,-1,-1,,353,1025,0.027863025665283203
1790595361.178086,0.0,STILL,MOVE,4,-1,-1,,353,1025,0.024812936782836914
1790595361.207267,34.268869389022335,RIGHT,MOVE,4,-1,-1,1,354,1025,0.02918100357055664
1790595361.235451,0.0,STILL,MOVE,4,-1,-1,,354,1025,0.028183937072753906
1790595361.260652,0.0,STILL,MOVE,4,-1,-1,,354,1025,0.025201082229614258
1790595361.316028,18.058347397788722,RIGHT,MOVE,5,-1,-1,1,355,1025,0.05537605285644531
1790595361.34094,40.1414899318582,RIGHT,MOVE,5,-1,-1,1,356,1025,0.024911880493164062
1790595361.368441,0.0,STILL,MOVE,5,-1,-1,,356,1025,0.02750110626220703
1790595361.392695,41.23057565272098,RIGHT,MOVE,5,-1,-1,1,357,1025,0.02425384521484375
1790595361.4178581,0.0,STILL,MOVE,5,-1,-1,,357,1025,0.02516317367553711
1790595361.442659,0.0,STILL,MOVE,6,-1,-1,,357,1025,0.024800777435302734
1790595361.4700608,36.493787630947,RIGHT,MOVE,6,-1,-1,1,358,1025,0.02740192413330078
1790595361.526108,0.0,STILL,MOVE,6,-1,-1,,358,1025,0.05604720115661621
1790595361.552321,38.14911091909591,RIGHT,MOVE,6,-1,-1,1,359,1025,0.02621293067932129
1790595361.5822968,0.0,STILL,MOVE,6,-1,-1,,359,1025,0.02997589111328125
1790595361.6147041,0.0,STILL,MOVE,6,-1,-1,,359,1025,0.032407283782958984
1790595361.656596,23.87101253791824,RIGHT,MOVE,7,-1,-1,1,360,1025,0.04189181327819824
1790595361.6811252,40.76770700698852,RIGHT,MOVE,7,-1,-1,1,361,1025,0.024529218673706055
1790595361.707803,0.0,STILL,MOVE,7,-1,-1,,361,1025,0.026677846908569336
1790595361.741136,0.0,STILL,MOVE,7,-1,-1,,361,1025,0.03333306312561035
1790595361.774311,30.143187730872608,RIGHT,MOVE,8,-1,-1,1,362,1025,0.033174991607666016
1790595361.8045049,0.0,STILL,MOVE,8,-1,-1,,362,1025,0.030193805694580078
1790595361.828434,41.79008827690652,RIGHT,MOVE,8,-1,-1,1,363,1025,0.023929119110107422
1790595361.8564029,0.0,STILL,MOVE,8,-1,-1,,363,1025,0.027968883514404297
1790595361.880896,40.82762917104699,RIGHT,MOVE,8,-1,-1,1,364,1025,0.02449321746826172
1790595361.905396,0.0,STILL,MOVE,8,-1,-1,,364,1025,0.024499893188476562
1790595361.931872,0.0,STILL,MOVE,1,-1,-1,,364,1025,0.026475906372070312
1790595361.9589791,36.89051505769772,RIGHT,MOVE,1,-1,-1,1,365,1025,0.02710723876953125
1790595361.985128,0.0,STILL,MOVE,1,-1,-1,,365,1025,0.02614879608154297
1790595362.02479,0.0,STILL,MOVE,1,-1,-1,,365,1025,0.03966212272644043
1790595362.0539641,0.0,STILL,MOVE,1,-1,-1,,365,1025,0.029174089431762695
1790595362.0892491,28.34065785561772,RIGHT,MOVE,2,-1,-1,1,366,1025,0.035284996032714844
1790595362.122431,0.0,STILL,MOVE,2,-1,-1,,366,1025,0.03318190574645996
1790595362.192946,0.0,STILL,MOVE,2,-1,-1,,366,1025,0.07051491737365723
1790595362.373365,5.542654466838987,RIGHT,MOVE,3,-1,-1,1,367,1025,0.1804189682006836
1790595362.43291,-67.17604004004004,LEFT,MOVE,4,-1,-1,-1,363,1025,0.059545040130615234
1790595362.523515,-33.11074797710677,LEFT,MOVE,4,-1,-1,-1,360,1025,0.09060502052307129
1790595362.621283,-20.456576819998585,LEFT,MOVE,5,-1,-1,-1,358,1025,0.09776806831359863
1790595362.702855,-36.77730038756291,LEFT,MOVE,6,-1,-1,-1,355,1025,0.08157205581665039
1790595362.806191,-9.677182976406366,LEFT,MOVE,6,-1,-1,-1,354,1025,0.10333585739135742
1790595363.081979,-18.129863348603273,LEFT,MOVE,8,-1,-1,-1,349,1025,0.2757880687713623
1790595363.3709378,-27.685608932813302,LEFT,MOVE,2,-1,-1,-1,341,1025,0.2889587879180908
1790595363.422666,-57.995390940432515,LEFT,MOVE,3,-1,-1,-1,338,1025,0.051728248596191406
1790595363.4862242,-31.467270858497574,LEFT,MOVE,4,-1,-1,-1,336,1025,0.06355810165405273
1790595363.725439,-20.90170829429705,LEFT,MOVE,5,-1,-1,-1,331,1025,0.23921489715576172
1790595363.996588,-22.12806157844895,LEFT,MOVE,7,-1,-1,-1,325,1025,0.2711489200592041
1790595364.0953422,-30.378464769860337,LEFT,MOVE,8,-1,-1,-1,322,1025,0.0987541675567627
1790595364.201299,-18.87561850972627,LEFT,MOVE,1,-1,-1,-1,320,1025,0.1059567928314209
1790595364.3610148,-6.261117753923364,LEFT,IDLE,1,-1,-1,-1,319,1025,0.15971589088439941
1790595364.536119,0.0,STILL,IDLE,1,-1,-1,,319,1025,0.17510414123535156
1790595364.624491,0.0,STILL,IDLE,1,-1,-1,,319,1025,0.08837199211120605
1790595364.656083,0.0,STILL,IDLE,1,-1,-1,,319,1025,0.03159213066101074
1790595364.684953,0.0,STILL,IDLE,2,-1,-1,,319,1025,0.0288698673248291
1790595364.7129102,0.0,STILL,IDLE,2,-1,-1,,319,1025,0.02795720100402832
1790595364.788619,0.0,STILL,IDLE,2,-1,-1,,319,1025,0.07570886611938477
1790595364.829908,0.0,STILL,IDLE,2,-1,-1,,319,1025,0.04128885269165039
1790595364.882961,0.0,STILL,IDLE,2,-1,-1,,319,1025,0.05305314064025879
1790595364.9071178,0.0,STILL,IDLE,2,-1,-1,,319,1025,0.024156808853149414
1790595364.9302912,0.0,STILL,IDLE,2,-1,-1,,319,1025,0.02317333221435547
1790595364.9565039,0.0,STILL,IDLE,2,-1,-1,,319,1025,0.026212692260742188
1790595364.979173,0.0,STILL,IDLE,2,-1,-1,,319,1025,0.022669076919555664
1790595365.00582,0.0,STILL,IDLE,2,-1,-1,,319,1025,0.026647090911865234
